pokedex_number;name;type1;type2;generation;abilities;hp;speed;attack;defense;classfication;height_m;weight_kg;is_legendary
1;Bulbasaur;grass;poison;1;['Overgrow', 'Chlorophyll'];45;45;49;49;Seed Pokémon;7;69;0
2;Ivysaur;grass;poison;1;['Overgrow', 'Chlorophyll'];60;60;62;63;Seed Pokémon;10;130;0
3;Venusaur;grass;poison;1;['Overgrow', 'Chlorophyll'];80;80;100;123;Seed Pokémon;20;1000;0
4;Charmander;fire;;1;['Blaze', 'Solar Power'];39;65;52;43;Lizard Pokémon;6;85;0
5;Charmeleon;fire;;1;['Blaze', 'Solar Power'];58;80;64;58;Flame Pokémon;11;190;0
6;Charizard;fire;flying;1;['Blaze', 'Solar Power'];78;100;104;78;Flame Pokémon;17;905;0
7;Squirtle;water;;1;['Torrent', 'Rain Dish'];44;43;48;65;Tiny Turtle Pokémon;5;90;0
8;Wartortle;water;;1;['Torrent', 'Rain Dish'];59;58;63;80;Turtle Pokémon;10;225;0
9;Blastoise;water;;1;['Torrent', 'Rain Dish'];79;78;103;120;Shellfish Pokémon;16;855;0
10;Caterpie;bug;;1;['Shield Dust', 'Run Away'];45;45;30;35;Worm Pokémon;3;29;0
11;Metapod;bug;;1;['Shed Skin'];50;30;20;55;Cocoon Pokémon;7;99;0
12;Butterfree;bug;flying;1;['Compoundeyes', 'Tinted Lens'];60;70;45;50;Butterfly Pokémon;11;320;0
13;Weedle;bug;poison;1;['Shield Dust', 'Run Away'];40;50;35;30;Hairy Pokémon;3;32;0
14;Kakuna;bug;poison;1;['Shed Skin'];45;35;25;50;Cocoon Pokémon;6;100;0
15;Beedrill;bug;poison;1;['Swarm', 'Sniper'];65;145;150;40;Poison Bee Pokémon;10;295;0
16;Pidgey;normal;flying;1;['Keen Eye', 'Tangled Feet', 'Big Pecks'];40;56;45;40;Tiny Bird Pokémon;3;18;0
17;Pidgeotto;normal;flying;1;['Keen Eye', 'Tangled Feet', 'Big Pecks'];63;71;60;55;Bird Pokémon;11;300;0
18;Pidgeot;normal;flying;1;['Keen Eye', 'Tangled Feet', 'Big Pecks'];83;121;80;80;Bird Pokémon;15;395;0
19;Rattata;normal;dark;1;['Run Away', 'Guts', 'Hustle', 'Gluttony', 'Hustle', 'Thick Fat'];30;72;56;35;Mouse Pokémon;;;0
20;Raticate;normal;dark;1;['Run Away', 'Guts', 'Hustle', 'Gluttony', 'Hustle', 'Thick Fat'];75;77;71;70;Mouse Pokémon;;;0
21;Spearow;normal;flying;1;['Keen Eye', 'Sniper'];40;70;60;30;Tiny Bird Pokémon;3;20;0
22;Fearow;normal;flying;1;['Keen Eye', 'Sniper'];65;100;90;65;Beak Pokémon;12;380;0
23;Ekans;poison;;1;['Intimidate', 'Shed Skin', 'Unnerve'];35;55;60;44;Snake Pokémon;20;69;0
24;Arbok;poison;;1;['Intimidate', 'Shed Skin', 'Unnerve'];60;80;95;69;Cobra Pokémon;35;650;0
25;Pikachu;electric;;1;['Static', 'Lightningrod'];35;90;55;40;Mouse Pokémon;4;60;0
26;Raichu;electric;electric;1;['Static', 'Lightningrod', 'Surge Surfer'];60;110;85;50;Mouse Pokémon;;;0
27;Sandshrew;ground;ice;1;['Sand Veil', 'Sand Rush', 'Snow Cloak', 'Slush Rush'];50;40;75;90;Mouse Pokémon;;;0
28;Sandslash;ground;ice;1;['Sand Veil', 'Sand Rush', 'Snow Cloak', 'Slush Rush'];75;65;100;120;Mouse Pokémon;;;0
29;Nidoran♀;poison;;1;['Poison Point', 'Rivalry', 'Hustle'];55;41;47;52;Poison Pin Pokémon;4;70;0
30;Nidorina;poison;;1;['Poison Point', 'Rivalry', 'Hustle'];70;56;62;67;Poison Pin Pokémon;8;200;0
31;Nidoqueen;poison;ground;1;['Poison Point', 'Rivalry', 'Sheer Force'];90;76;92;87;Drill Pokémon;13;600;0
32;Nidoran♂;poison;;1;['Poison Point', 'Rivalry', 'Hustle'];46;50;57;40;Poison Pin Pokémon;5;90;0
33;Nidorino;poison;;1;['Poison Point', 'Rivalry', 'Hustle'];61;65;72;57;Poison Pin Pokémon;9;195;0
34;Nidoking;poison;ground;1;['Poison Point', 'Rivalry', 'Sheer Force'];81;85;102;77;Drill Pokémon;14;620;0
35;Clefairy;fairy;;1;['Cute Charm', 'Magic Guard', 'Friend Guard'];70;35;45;48;Fairy Pokémon;6;75;0
36;Clefable;fairy;;1;['Cute Charm', 'Magic Guard', 'Unaware'];95;60;70;73;Fairy Pokémon;13;400;0
37;Vulpix;fire;ice;1;['Flash Fire', 'Drought', 'Snow Cloak', 'Snow Warning'];38;65;41;40;Fox Pokémon;;;0
38;Ninetales;fire;ice;1;['Flash Fire', 'Drought', 'Snow Cloak', 'Snow Warning'];73;109;67;75;Fox Pokémon;;;0
39;Jigglypuff;normal;fairy;1;['Cute Charm', 'Competitive', 'Friend Guard'];115;20;45;20;Balloon Pokémon;5;55;0
40;Wigglytuff;normal;fairy;1;['Cute Charm', 'Competitive', 'Frisk'];140;45;70;45;Balloon Pokémon;10;120;0
41;Zubat;poison;flying;1;['Inner Focus', 'Infiltrator'];40;55;45;35;Bat Pokémon;8;75;0
42;Golbat;poison;flying;1;['Inner Focus', 'Infiltrator'];75;90;80;70;Bat Pokémon;16;550;0
43;Oddish;grass;poison;1;['Chlorophyll', 'Run Away'];45;30;50;55;Weed Pokémon;5;54;0
44;Gloom;grass;poison;1;['Chlorophyll', 'Stench'];60;40;65;70;Weed Pokémon;8;86;0
45;Vileplume;grass;poison;1;['Chlorophyll', 'Effect Spore'];75;50;80;85;Flower Pokémon;12;186;0
46;Paras;bug;grass;1;['Effect Spore', 'Dry Skin', 'Damp'];35;25;70;55;Mushroom Pokémon;3;54;0
47;Parasect;bug;grass;1;['Effect Spore', 'Dry Skin', 'Damp'];60;30;95;80;Mushroom Pokémon;10;295;0
48;Venonat;bug;poison;1;['Compoundeyes', 'Tinted Lens', 'Run Away'];60;45;55;50;Insect Pokémon;10;300;0
49;Venomoth;bug;poison;1;['Shield Dust', 'Tinted Lens', 'Wonder Skin '];70;90;65;60;Poison Moth Pokémon;15;125;0
50;Diglett;ground;ground;1;['Sand Veil', 'Arena Trap', 'Sand Force', 'Sand Veil', 'Tangling Hair', 'Sand Force'];10;90;55;30;Mole Pokémon;;;0
51;Dugtrio;ground;ground;1;['Sand Veil', 'Arena Trap', 'Sand Force', 'Sand Veil', 'Tangling Hair', 'Sand Force'];35;110;100;60;Mole Pokémon;;;0
52;Meowth;normal;dark;1;['Pickup', 'Technician', 'Unnerve', 'Pickup', 'Technician', 'Rattled'];40;90;35;35;Scratch Cat Pokémon;;;0
53;Persian;normal;dark;1;['Limber', 'Technician', 'Unnerve', 'Fur Coat', 'Technician', 'Rattled'];65;115;60;60;Classy Cat Pokémon;;;0
54;Psyduck;water;;1;['Damp', 'Cloud Nine', 'Swift Swim'];50;55;52;48;Duck Pokémon;8;196;0
55;Golduck;water;;1;['Damp', 'Cloud Nine', 'Swift Swim'];80;85;82;78;Duck Pokémon;17;766;0
56;Mankey;fighting;;1;['Vital Spirit', 'Anger Point', 'Defiant'];40;70;80;35;Pig Monkey Pokémon;5;280;0
57;Primeape;fighting;;1;['Vital Spirit', 'Anger Point', 'Defiant'];65;95;105;60;Pig Monkey Pokémon;10;320;0
58;Growlithe;fire;;1;['Intimidate', 'Flash Fire', 'Justified'];55;60;70;45;Puppy Pokémon;7;190;0
59;Arcanine;fire;;1;['Intimidate', 'Flash Fire', 'Justified'];90;95;110;80;Legendary Pokémon;19;1550;0
60;Poliwag;water;;1;['Water Absorb', 'Damp', 'Swift Swim'];40;90;50;40;Tadpole Pokémon;6;124;0
61;Poliwhirl;water;;1;['Water Absorb', 'Damp', 'Swift Swim'];65;90;65;65;Tadpole Pokémon;10;200;0
62;Poliwrath;water;fighting;1;['Water Absorb', 'Damp', 'Swift Swim'];90;70;95;95;Tadpole Pokémon;13;540;0
63;Abra;psychic;;1;['Synchronize', 'Inner Focus', 'Magic Guard'];25;90;20;15;Psi Pokémon;9;195;0
64;Kadabra;psychic;;1;['Synchronize', 'Inner Focus', 'Magic Guard'];40;105;35;30;Psi Pokémon;13;565;0
65;Alakazam;psychic;;1;['Synchronize', 'Inner Focus', 'Magic Guard'];55;150;50;65;Psi Pokémon;15;480;0
66;Machop;fighting;;1;['Guts', 'No Guard', 'Steadfast'];70;35;80;50;Superpower Pokémon;8;195;0
67;Machoke;fighting;;1;['Guts', 'No Guard', 'Steadfast'];80;45;100;70;Superpower Pokémon;15;705;0
68;Machamp;fighting;;1;['Guts', 'No Guard', 'Steadfast'];90;55;130;80;Superpower Pokémon;16;1300;0
69;Bellsprout;grass;poison;1;['Chlorophyll', 'Gluttony'];50;40;75;35;Flower Pokémon;7;40;0
70;Weepinbell;grass;poison;1;['Chlorophyll', 'Gluttony'];65;55;90;50;Flycatcher Pokémon;10;64;0
71;Victreebel;grass;poison;1;['Chlorophyll', 'Gluttony'];80;70;105;65;Flycatcher Pokémon;17;155;0
72;Tentacool;water;poison;1;['Clear Body', 'Liquid Ooze', 'Rain Dish'];40;70;40;35;Jellyfish Pokémon;9;455;0
73;Tentacruel;water;poison;1;['Clear Body', 'Liquid Ooze', 'Rain Dish'];80;100;70;65;Jellyfish Pokémon;16;550;0
74;Geodude;rock;ground;1;['Rock Head', 'Sturdy', 'Sand Veil', 'Magnet Pull', 'Sturdy', 'Galvanize'];40;20;80;100;Rock Pokémon;;;0
75;Graveler;rock;ground;1;['Rock Head', 'Sturdy', 'Sand Veil', 'Magnet Pull', 'Sturdy', 'Galvanize'];55;35;95;115;Rock Pokémon;;;0
76;Golem;rock;ground;1;['Rock Head', 'Sturdy', 'Sand Veil', 'Magnet Pull', 'Sturdy', 'Galvanize'];80;45;120;130;Megaton Pokémon;;;0
77;Ponyta;fire;;1;['Run Away', 'Flash Fire', 'Flame Body'];50;90;85;55;Fire Horse Pokémon;10;300;0
78;Rapidash;fire;;1;['Run Away', 'Flash Fire', 'Flame Body'];65;105;100;70;Fire Horse Pokémon;17;950;0
79;Slowpoke;water;psychic;1;['Oblivious', 'Own Tempo', 'Regenerator'];90;15;65;65;Dopey Pokémon;12;360;0
80;Slowbro;water;psychic;1;['Oblivious', 'Own Tempo', 'Regenerator'];95;30;75;180;Hermit Crab Pokémon;16;785;0
81;Magnemite;electric;steel;1;['Magnet Pull', 'Sturdy', 'Analytic'];25;45;35;70;Magnet Pokémon;3;60;0
82;Magneton;electric;steel;1;['Magnet Pull', 'Sturdy', 'Analytic'];50;70;60;95;Magnet Pokémon;10;600;0
83;Farfetch'd;normal;flying;1;['Keen Eye', 'Inner Focus', 'Defiant'];52;60;90;55;Wild Duck Pokémon;8;150;0
84;Doduo;normal;flying;1;['Run Away', 'Early Bird', 'Tangled Feet'];35;75;85;45;Twin Bird Pokémon;14;392;0
85;Dodrio;normal;flying;1;['Run Away', 'Early Bird', 'Tangled Feet'];60;110;110;70;Triple Bird Pokémon;18;852;0
86;Seel;water;;1;['Thick Fat', 'Hydration', 'Ice Body'];65;45;45;55;Sea Lion Pokémon;11;900;0
87;Dewgong;water;ice;1;['Thick Fat', 'Hydration', 'Ice Body'];90;70;70;80;Sea Lion Pokémon;17;1200;0
88;Grimer;poison;poison;1;['Stench', 'Sticky Hold', 'Poison Touch', 'Poison Touch', 'Gluttony', 'Power of Alchemy'];80;25;80;50;Sludge Pokémon;;;0
89;Muk;poison;poison;1;['Stench', 'Sticky Hold', 'Poison Touch', 'Poison Touch', 'Gluttony', 'Power of Alchemy'];105;50;105;75;Sludge Pokémon;;;0
90;Shellder;water;;1;['Shell Armor', 'Skill Link', 'Overcoat'];30;40;65;100;Bivalve Pokémon;3;40;0
91;Cloyster;water;ice;1;['Shell Armor', 'Skill Link', 'Overcoat'];50;70;95;180;Bivalve Pokémon;15;1325;0
92;Gastly;ghost;poison;1;['Levitate'];30;80;35;30;Gas Pokémon;13;1;0
93;Haunter;ghost;poison;1;['Levitate'];45;95;50;45;Gas Pokémon;16;1;0
94;Gengar;ghost;poison;1;['Cursed Body'];60;130;65;80;Shadow Pokémon;15;405;0
95;Onix;rock;ground;1;['Rock Head', 'Sturdy', 'Weak Armor'];35;70;45;160;Rock Snake Pokémon;88;2100;0
96;Drowzee;psychic;;1;['Insomnia', 'Forewarn', 'Inner Focus'];60;42;48;45;Hypnosis Pokémon;10;324;0
97;Hypno;psychic;;1;['Insomnia', 'Forewarn', 'Inner Focus'];85;67;73;70;Hypnosis Pokémon;16;756;0
98;Krabby;water;;1;['Hyper Cutter', 'Shell Armor', 'Sheer Force'];30;50;105;90;River Crab Pokémon;4;65;0
99;Kingler;water;;1;['Hyper Cutter', 'Shell Armor', 'Sheer Force'];55;75;130;115;Pincer Pokémon;13;600;0
100;Voltorb;electric;;1;['Soundproof', 'Static', 'Aftermath'];40;100;30;50;Ball Pokémon;5;104;0
101;Electrode;electric;;1;['Soundproof', 'Static', 'Aftermath'];60;150;50;70;Ball Pokémon;12;666;0
102;Exeggcute;grass;psychic;1;['Chlorophyll', 'Harvest'];60;40;40;80;Egg Pokémon;4;25;0
103;Exeggutor;grass;psychic;1;['Chlorophyll', 'Harvest', 'Frisk', 'Harvest'];95;45;105;85;Coconut Pokémon;;;0
104;Cubone;ground;;1;['Rock Head', 'Lightningrod', 'Battle Armor'];50;35;50;95;Lonely Pokémon;4;65;0
105;Marowak;ground;fire;1;['Rock Head', 'Lightningrod', 'Battle Armor', 'Cursed Body', 'Lightningrod', 'Rock Head'];60;45;80;110;Bone Keeper Pokémon;;;0
106;Hitmonlee;fighting;;1;['Limber', 'Reckless', 'Unburden'];50;87;120;53;Kicking Pokémon;15;498;0
107;Hitmonchan;fighting;;1;['Keen Eye', 'Iron Fist', 'Inner Focus'];50;76;105;79;Punching Pokémon;14;502;0
108;Lickitung;normal;;1;['Own Tempo', 'Oblivious', 'Cloud Nine'];90;30;55;75;Licking Pokémon;12;655;0
109;Koffing;poison;;1;['Levitate'];40;35;65;95;Poison Gas Pokémon;6;10;0
110;Weezing;poison;;1;['Levitate'];65;60;90;120;Poison Gas Pokémon;12;95;0
111;Rhyhorn;ground;rock;1;['Lightningrod', 'Rock Head', 'Reckless'];80;25;85;95;Spikes Pokémon;10;1150;0
112;Rhydon;ground;rock;1;['Lightningrod', 'Rock Head', 'Reckless'];105;40;130;120;Drill Pokémon;19;1200;0
113;Chansey;normal;;1;['Natural Cure', 'Serene Grace', 'Healer'];250;50;5;5;Egg Pokémon;11;346;0
114;Tangela;grass;;1;['Chlorophyll', 'Leaf Guard', 'Regenerator'];65;60;55;115;Vine Pokémon;10;350;0
115;Kangaskhan;normal;;1;['Early Bird', 'Scrappy', 'Inner Focus'];105;100;125;100;Parent Pokémon;22;800;0
116;Horsea;water;;1;['Swift Swim', 'Sniper', 'Damp'];30;60;40;70;Dragon Pokémon;4;80;0
117;Seadra;water;;1;['Poison Point', 'Sniper', 'Damp'];55;85;65;95;Dragon Pokémon;12;250;0
118;Goldeen;water;;1;['Swift Swim', 'Water Veil', 'Lightningrod'];45;63;67;60;Goldfish Pokémon;6;150;0
119;Seaking;water;;1;['Swift Swim', 'Water Veil', 'Lightningrod'];80;68;92;65;Goldfish Pokémon;13;390;0
120;Staryu;water;;1;['Illuminate', 'Natural Cure', 'Analytic'];30;85;45;55;Starshape Pokémon;8;345;0
121;Starmie;water;psychic;1;['Illuminate', 'Natural Cure', 'Analytic'];60;115;75;85;Mysterious Pokémon;11;800;0
122;Mr. Mime;psychic;fairy;1;['Soundproof', 'Filter', 'Technician'];40;90;45;65;Barrier Pokémon;13;545;0
123;Scyther;bug;flying;1;['Swarm', 'Technician', 'Steadfast'];70;105;110;80;Mantis Pokémon;15;560;0
124;Jynx;ice;psychic;1;['Oblivious', 'Forewarn', 'Dry Skin'];65;95;50;35;Humanshape Pokémon;14;406;0
125;Electabuzz;electric;;1;['Static', 'Vital Spirit'];65;105;83;57;Electric Pokémon;11;300;0
126;Magmar;fire;;1;['Flame Body', 'Vital Spirit'];65;93;95;57;Spitfire Pokémon;13;445;0
127;Pinsir;bug;;1;['Hyper Cutter', 'Mold Breaker', 'Moxie'];65;105;155;120;Stagbeetle Pokémon;15;550;0
128;Tauros;normal;;1;['Intimidate', 'Anger Point', 'Sheer Force'];75;110;100;95;Wild Bull Pokémon;14;884;0
129;Magikarp;water;;1;['Swift Swim', 'Rattled'];20;80;10;55;Fish Pokémon;9;100;0
130;Gyarados;water;flying;1;['Intimidate', 'Moxie'];95;81;155;109;Atrocious Pokémon;65;2350;0
131;Lapras;water;ice;1;['Water Absorb', 'Shell Armor', 'Hydration'];130;60;85;80;Transport Pokémon;25;2200;0
132;Ditto;normal;;1;['Limber', 'Imposter'];48;48;48;48;Transform Pokémon;3;40;0
133;Eevee;normal;;1;['Run Away', 'Adaptability', 'Anticipation'];55;55;55;50;Evolution Pokémon;3;65;0
134;Vaporeon;water;;1;['Water Absorb', 'Hydration'];130;65;65;60;Bubble Jet Pokémon;10;290;0
135;Jolteon;electric;;1;['Volt Absorb', 'Quick Feet'];65;130;65;60;Lightning Pokémon;8;245;0
136;Flareon;fire;;1;['Flash Fire', 'Guts'];65;65;130;60;Flame Pokémon;9;250;0
137;Porygon;normal;;1;['Trace', 'Download', 'Analytic'];65;40;60;70;Virtual Pokémon;8;365;0
138;Omanyte;rock;water;1;['Swift Swim', 'Shell Armor', 'Weak Armor'];35;35;40;100;Spiral Pokémon;4;75;0
139;Omastar;rock;water;1;['Swift Swim', 'Shell Armor', 'Weak Armor'];70;55;60;125;Spiral Pokémon;10;350;0
140;Kabuto;rock;water;1;['Swift Swim', 'Battle Armor', 'Weak Armor'];30;55;80;90;Shellfish Pokémon;5;115;0
141;Kabutops;rock;water;1;['Swift Swim', 'Battle Armor', 'Weak Armor'];60;80;115;105;Shellfish Pokémon;13;405;0
142;Aerodactyl;rock;flying;1;['Rock Head', 'Pressure', 'Unnerve'];80;150;135;85;Fossil Pokémon;18;590;0
143;Snorlax;normal;;1;['Immunity', 'Thick Fat', 'Gluttony'];160;30;110;65;Sleeping Pokémon;21;4600;0
144;Articuno;ice;flying;1;['Pressure', 'Snow Cloak'];90;85;85;100;Freeze Pokémon;17;554;1
145;Zapdos;electric;flying;1;['Pressure', 'Static'];90;100;90;85;Electric Pokémon;16;526;1
146;Moltres;fire;flying;1;['Pressure', 'Flame Body'];90;90;100;90;Flame Pokémon;20;600;1
147;Dratini;dragon;;1;['Shed Skin', 'Marvel Scale'];41;50;64;45;Dragon Pokémon;18;33;0
148;Dragonair;dragon;;1;['Shed Skin', 'Marvel Scale'];61;70;84;65;Dragon Pokémon;40;165;0
149;Dragonite;dragon;flying;1;['Inner Focus', 'Multiscale'];91;80;134;95;Dragon Pokémon;22;2100;0
150;Mewtwo;psychic;;1;['Pressure', 'Unnerve'];106;140;150;70;Genetic Pokémon;20;1220;1
151;Mew;psychic;;1;['Synchronize'];100;100;100;100;New Species Pokémon;4;40;1
152;Chikorita;grass;;2;['Overgrow', 'Leaf Guard'];45;45;49;65;Leaf Pokémon;9;64;0
153;Bayleef;grass;;2;['Overgrow', 'Leaf Guard'];60;60;62;80;Leaf Pokémon;12;158;0
154;Meganium;grass;;2;['Overgrow', 'Leaf Guard'];80;80;82;100;Herb Pokémon;18;1005;0
155;Cyndaquil;fire;;2;['Blaze', 'Flash Fire'];39;65;52;43;Fire Mouse Pokémon;5;79;0
156;Quilava;fire;;2;['Blaze', 'Flash Fire'];58;80;64;58;Volcano Pokémon;9;190;0
157;Typhlosion;fire;;2;['Blaze', 'Flash Fire'];78;100;84;78;Volcano Pokémon;17;795;0
158;Totodile;water;;2;['Torrent', 'Sheer Force'];50;43;65;64;Big Jaw Pokémon;6;95;0
159;Croconaw;water;;2;['Torrent', 'Sheer Force'];65;58;80;80;Big Jaw Pokémon;11;250;0
160;Feraligatr;water;;2;['Torrent', 'Sheer Force'];85;78;105;100;Big Jaw Pokémon;23;888;0
161;Sentret;normal;;2;['Run Away', 'Keen Eye', 'Frisk'];35;20;46;34;Scout Pokémon;8;60;0
162;Furret;normal;;2;['Run Away', 'Keen Eye', 'Frisk'];85;90;76;64;Long Body Pokémon;18;325;0
163;Hoothoot;normal;flying;2;['Insomnia', 'Keen Eye', 'Tinted Lens'];60;50;30;30;Owl Pokémon;7;212;0
164;Noctowl;normal;flying;2;['Insomnia', 'Keen Eye', 'Tinted Lens'];100;70;50;50;Owl Pokémon;16;408;0
165;Ledyba;bug;flying;2;['Swarm', 'Early Bird', 'Rattled'];40;55;20;30;Five Star Pokémon;10;108;0
166;Ledian;bug;flying;2;['Swarm', 'Early Bird', 'Iron Fist'];55;85;35;50;Five Star Pokémon;14;356;0
167;Spinarak;bug;poison;2;['Swarm', 'Insomnia', 'Sniper'];40;30;60;40;String Spit Pokémon;5;85;0
168;Ariados;bug;poison;2;['Swarm', 'Insomnia', 'Sniper'];70;40;90;70;Long Leg Pokémon;11;335;0
169;Crobat;poison;flying;2;['Inner Focus', 'Infiltrator'];85;130;90;80;Bat Pokémon;18;750;0
170;Chinchou;water;electric;2;['Volt Absorb', 'Illuminate', 'Water Absorb'];75;67;38;38;Angler Pokémon;5;120;0
171;Lanturn;water;electric;2;['Volt Absorb', 'Illuminate', 'Water Absorb'];125;67;58;58;Light Pokémon;12;225;0
172;Pichu;electric;;2;['Static', 'Lightningrod'];20;60;40;15;Tiny Mouse Pokémon;3;20;0
173;Cleffa;fairy;;2;['Cute Charm', 'Magic Guard', 'Friend Guard'];50;15;25;28;Star Shape Pokémon;3;30;0
174;Igglybuff;normal;fairy;2;['Cute Charm', 'Competitive', 'Friend Guard'];90;15;30;15;Balloon Pokémon;3;10;0
175;Togepi;fairy;;2;['Hustle', 'Serene Grace', 'Super Luck'];35;20;20;65;Spike Ball Pokémon;3;15;0
176;Togetic;fairy;flying;2;['Hustle', 'Serene Grace', 'Super Luck'];55;40;40;85;Happiness Pokémon;6;32;0
177;Natu;psychic;flying;2;['Synchronize', 'Early Bird', 'Magic Bounce'];40;70;50;45;Little Bird Pokémon;2;20;0
178;Xatu;psychic;flying;2;['Synchronize', 'Early Bird', 'Magic Bounce'];65;95;75;70;Mystic Pokémon;15;150;0
179;Mareep;electric;;2;['Static', 'Plus'];55;35;40;40;Wool Pokémon;6;78;0
180;Flaaffy;electric;;2;['Static', 'Plus'];70;45;55;55;Wool Pokémon;8;133;0
181;Ampharos;electric;;2;['Static', 'Plus'];90;45;95;105;Light Pokémon;14;615;0
182;Bellossom;grass;;2;['Chlorophyll', 'Healer'];75;50;80;95;Flower Pokémon;4;58;0
183;Marill;water;fairy;2;['Thick Fat', 'Huge Power', 'Sap Sipper'];70;40;20;50;Aquamouse Pokémon;4;85;0
184;Azumarill;water;fairy;2;['Thick Fat', 'Huge Power', 'Sap Sipper'];100;50;50;80;Aquarabbit Pokémon;8;285;0
185;Sudowoodo;rock;;2;['Sturdy', 'Rock Head', 'Rattled'];70;30;100;115;Imitation Pokémon;12;380;0
186;Politoed;water;;2;['Water Absorb', 'Damp', 'Drizzle'];90;70;75;75;Frog Pokémon;11;339;0
187;Hoppip;grass;flying;2;['Chlorophyll', 'Leaf Guard', 'Infiltrator'];35;50;35;40;Cottonweed Pokémon;4;5;0
188;Skiploom;grass;flying;2;['Chlorophyll', 'Leaf Guard', 'Infiltrator'];55;80;45;50;Cottonweed Pokémon;6;10;0
189;Jumpluff;grass;flying;2;['Chlorophyll', 'Leaf Guard', 'Infiltrator'];75;110;55;70;Cottonweed Pokémon;8;30;0
190;Aipom;normal;;2;['Run Away', 'Pickup', 'Skill Link'];55;85;70;55;Long Tail Pokémon;8;115;0
191;Sunkern;grass;;2;['Chlorophyll', 'Solar Power', 'Early Bird'];30;30;30;30;Seed Pokémon;3;18;0
192;Sunflora;grass;;2;['Chlorophyll', 'Solar Power', 'Early Bird'];75;30;75;55;Sun Pokémon;8;85;0
193;Yanma;bug;flying;2;['Speed Boost', 'Compoundeyes', 'Frisk'];65;95;65;45;Clear Wing Pokémon;12;380;0
194;Wooper;water;ground;2;['Damp', 'Water Absorb', 'Unaware'];55;15;45;45;Water Fish Pokémon;4;85;0
195;Quagsire;water;ground;2;['Damp', 'Water Absorb', 'Unaware'];95;35;85;85;Water Fish Pokémon;14;750;0
196;Espeon;psychic;;2;['Synchronize', 'Magic Bounce'];65;110;65;60;Sun Pokémon;9;265;0
197;Umbreon;dark;;2;['Synchronize', 'Inner Focus'];95;65;65;110;Moonlight Pokémon;10;270;0
198;Murkrow;dark;flying;2;['Insomnia', 'Super Luck', 'Prankster'];60;91;85;42;Darkness Pokémon;5;21;0
199;Slowking;water;psychic;2;['Oblivious', 'Own Tempo', 'Regenerator'];95;30;75;80;Royal Pokémon;20;795;0
200;Misdreavus;ghost;;2;['Levitate'];60;85;60;60;Screech Pokémon;7;10;0
201;Unown;psychic;;2;['Levitate'];48;48;72;48;Symbol Pokémon;5;50;0
202;Wobbuffet;psychic;;2;['Shadow Tag', 'Telepathy'];190;33;33;58;Patient Pokémon;13;285;0
203;Girafarig;normal;psychic;2;['Inner Focus', 'Early Bird', 'Sap Sipper'];70;85;80;65;Long Neck Pokémon;15;415;0
204;Pineco;bug;;2;['Sturdy', 'Overcoat'];50;15;65;90;Bagworm Pokémon;6;72;0
205;Forretress;bug;steel;2;['Sturdy', 'Overcoat'];75;40;90;140;Bagworm Pokémon;12;1258;0
206;Dunsparce;normal;;2;['Serene Grace', 'Run Away', 'Rattled'];100;45;70;70;Land Snake Pokémon;15;140;0
207;Gligar;ground;flying;2;['Hyper Cutter', 'Sand Veil', 'Immunity'];65;85;75;105;Flyscorpion Pokémon;11;648;0
208;Steelix;steel;ground;2;['Rock Head', 'Sturdy', 'Sheer Force'];75;30;125;230;Iron Snake Pokémon;92;4000;0
209;Snubbull;fairy;;2;['Intimidate', 'Run Away', 'Rattled'];60;30;80;50;Fairy Pokémon;6;78;0
210;Granbull;fairy;;2;['Intimidate', 'Quick Feet', 'Rattled'];90;45;120;75;Fairy Pokémon;14;487;0
211;Qwilfish;water;poison;2;['Poison Point', 'Swift Swim', 'Intimidate'];65;85;95;85;Balloon Pokémon;5;39;0
212;Scizor;bug;steel;2;['Swarm', 'Technician', 'Light Metal'];70;75;150;140;Pincer Pokémon;18;1180;0
213;Shuckle;bug;rock;2;['Sturdy', 'Gluttony', 'Contrary'];20;5;10;230;Mold Pokémon;6;205;0
214;Heracross;bug;fighting;2;['Swarm', 'Guts', 'Moxie'];80;75;185;115;Singlehorn Pokémon;15;540;0
215;Sneasel;dark;ice;2;['Inner Focus', 'Keen Eye', 'Pickpocket'];55;115;95;55;Sharp Claw Pokémon;9;280;0
216;Teddiursa;normal;;2;['Pickup', 'Quick Feet', 'Honey Gather'];60;40;80;50;Little Bear Pokémon;6;88;0
217;Ursaring;normal;;2;['Guts', 'Quick Feet', 'Unnerve'];90;55;130;75;Hibernator Pokémon;18;1258;0
218;Slugma;fire;;2;['Magma Armor', 'Flame Body', 'Weak Armor'];40;20;40;40;Lava Pokémon;7;350;0
219;Magcargo;fire;rock;2;['Magma Armor', 'Flame Body', 'Weak Armor'];60;30;50;120;Lava Pokémon;8;550;0
220;Swinub;ice;ground;2;['Oblivious', 'Snow Cloak', 'Thick Fat'];50;50;50;40;Pig Pokémon;4;65;0
221;Piloswine;ice;ground;2;['Oblivious', 'Snow Cloak', 'Thick Fat'];100;50;100;80;Swine Pokémon;11;558;0
222;Corsola;water;rock;2;['Hustle', 'Natural Cure', 'Regenerator'];65;35;55;95;Coral Pokémon;6;50;0
223;Remoraid;water;;2;['Hustle', 'Sniper', 'Moody'];35;65;65;35;Jet Pokémon;6;120;0
224;Octillery;water;;2;['Suction Cups', 'Sniper', 'Moody'];75;45;105;75;Jet Pokémon;9;285;0
225;Delibird;ice;flying;2;['Vital Spirit', 'Hustle', 'Insomnia'];45;75;55;45;Delivery Pokémon;9;160;0
226;Mantine;water;flying;2;['Swift Swim', 'Water Absorb', 'Water Veil'];85;70;40;70;Kite Pokémon;21;2200;0
227;Skarmory;steel;flying;2;['Keen Eye', 'Sturdy', 'Weak Armor'];65;70;80;140;Armor Bird Pokémon;17;505;0
228;Houndour;dark;fire;2;['Early Bird', 'Flash Fire', 'Unnerve'];45;65;60;30;Dark Pokémon;6;108;0
229;Houndoom;dark;fire;2;['Early Bird', 'Flash Fire', 'Unnerve'];75;115;90;90;Dark Pokémon;14;350;0
230;Kingdra;water;dragon;2;['Swift Swim', 'Sniper', 'Damp'];75;85;95;95;Dragon Pokémon;18;1520;0
231;Phanpy;ground;;2;['Pickup', 'Sand Veil'];90;40;60;60;Long Nose Pokémon;5;335;0
232;Donphan;ground;;2;['Sturdy', 'Sand Veil'];90;50;120;120;Armor Pokémon;11;1200;0
233;Porygon2;normal;;2;['Trace', 'Download', 'Analytic'];85;60;80;90;Virtual Pokémon;6;325;0
234;Stantler;normal;;2;['Intimidate', 'Frisk', 'Sap Sipper'];73;85;95;62;Big Horn Pokémon;14;712;0
235;Smeargle;normal;;2;['Own Tempo', 'Technician', 'Moody'];55;75;20;35;Painter Pokémon;12;580;0
236;Tyrogue;fighting;;2;['Guts', 'Steadfast', 'Vital Spirit'];35;35;35;35;Scuffle Pokémon;7;210;0
237;Hitmontop;fighting;;2;['Intimidate', 'Technician', 'Steadfast'];50;70;95;95;Handstand Pokémon;14;480;0
238;Smoochum;ice;psychic;2;['Oblivious', 'Forewarn', 'Hydration'];45;65;30;15;Kiss Pokémon;4;60;0
239;Elekid;electric;;2;['Static', 'Vital Spirit'];45;95;63;37;Electric Pokémon;6;235;0
240;Magby;fire;;2;['Flame Body', 'Vital Spirit'];45;83;75;37;Live Coal Pokémon;7;214;0
241;Miltank;normal;;2;['Thick Fat', 'Scrappy', 'Sap Sipper'];95;100;80;105;Milk Cow Pokémon;12;755;0
242;Blissey;normal;;2;['Natural Cure', 'Serene Grace', 'Healer'];255;55;10;10;Happiness Pokémon;15;468;0
243;Raikou;electric;;2;['Pressure', 'Inner Focus'];90;115;85;75;Thunder Pokémon;19;1780;1
244;Entei;fire;;2;['Pressure', 'Inner Focus'];115;100;115;85;Volcano Pokémon;21;1980;1
245;Suicune;water;;2;['Pressure', 'Inner Focus'];100;85;75;115;Aurora Pokémon;20;1870;1
246;Larvitar;rock;ground;2;['Guts', 'Sand Veil'];50;41;64;50;Rock Skin Pokémon;6;720;0
247;Pupitar;rock;ground;2;['Shed Skin'];70;51;84;70;Hard Shell Pokémon;12;1520;0
248;Tyranitar;rock;dark;2;['Sand Stream', 'Unnerve'];100;71;164;150;Armor Pokémon;20;2020;0
249;Lugia;psychic;flying;2;['Pressure', 'Multiscale'];106;110;90;130;Diving Pokémon;52;2160;1
250;Ho-Oh;fire;flying;2;['Pressure', 'Regenerator'];106;90;130;90;Rainbow Pokémon;38;1990;1
251;Celebi;psychic;grass;2;['Natural Cure'];100;100;100;100;Time Travel Pokémon;6;50;1
252;Treecko;grass;;3;['Overgrow', 'Unburden'];40;70;45;35;Wood Gecko Pokémon;5;50;0
253;Grovyle;grass;;3;['Overgrow', 'Unburden'];50;95;65;45;Wood Gecko Pokémon;9;216;0
254;Sceptile;grass;;3;['Overgrow', 'Unburden'];70;145;110;75;Forest Pokémon;17;522;0
255;Torchic;fire;;3;['Blaze', 'Speed Boost'];45;45;60;40;Chick Pokémon;4;25;0
256;Combusken;fire;fighting;3;['Blaze', 'Speed Boost'];60;55;85;60;Young Fowl Pokémon;9;195;0
257;Blaziken;fire;fighting;3;['Blaze', 'Speed Boost'];80;100;160;80;Blaze Pokémon;19;520;0
258;Mudkip;water;;3;['Torrent', 'Damp'];50;40;70;50;Mud Fish Pokémon;4;76;0
259;Marshtomp;water;ground;3;['Torrent', 'Damp'];70;50;85;70;Mud Fish Pokémon;7;280;0
260;Swampert;water;ground;3;['Torrent', 'Damp'];100;70;150;110;Mud Fish Pokémon;15;819;0
261;Poochyena;dark;;3;['Run Away', 'Quick Feet', 'Rattled'];35;35;55;35;Bite Pokémon;5;136;0
262;Mightyena;dark;;3;['Intimidate', 'Quick Feet', 'Moxie'];70;70;90;70;Bite Pokémon;10;370;0
263;Zigzagoon;normal;;3;['Pickup', 'Gluttony', 'Quick Feet'];38;60;30;41;Tiny Racoon Pokémon;4;175;0
264;Linoone;normal;;3;['Pickup', 'Gluttony', 'Quick Feet'];78;100;70;61;Rush Pokémon;5;325;0
265;Wurmple;bug;;3;['Shield Dust', 'Run Away'];45;20;45;35;Worm Pokémon;3;36;0
266;Silcoon;bug;;3;['Shed Skin'];50;15;35;55;Cocoon Pokémon;6;100;0
267;Beautifly;bug;flying;3;['Swarm', 'Rivalry'];60;65;70;50;Butterfly Pokémon;10;284;0
268;Cascoon;bug;;3;['Shed Skin'];50;15;35;55;Cocoon Pokémon;7;115;0
269;Dustox;bug;poison;3;['Shield Dust', 'Compoundeyes'];60;65;50;70;Poison Moth Pokémon;12;316;0
270;Lotad;water;grass;3;['Swift Swim', 'Rain Dish', 'Own Tempo'];40;30;30;30;Water Weed Pokémon;5;26;0
271;Lombre;water;grass;3;['Swift Swim', 'Rain Dish', 'Own Tempo'];60;50;50;50;Jolly Pokémon;12;325;0
272;Ludicolo;water;grass;3;['Swift Swim', 'Rain Dish', 'Own Tempo'];80;70;70;70;Carefree Pokémon;15;550;0
273;Seedot;grass;;3;['Chlorophyll', 'Early Bird', 'Pickpocket'];40;30;40;50;Acorn Pokémon;5;40;0
274;Nuzleaf;grass;dark;3;['Chlorophyll', 'Early Bird', 'Pickpocket'];70;60;70;40;Wily Pokémon;10;280;0
275;Shiftry;grass;dark;3;['Chlorophyll', 'Early Bird', 'Pickpocket'];90;80;100;60;Wickid Pokémon;13;596;0
276;Taillow;normal;flying;3;['Guts', 'Scrappy'];40;85;55;30;TinySwallow Pokémon;3;23;0
277;Swellow;normal;flying;3;['Guts', 'Scrappy'];60;125;85;60;Swallow Pokémon;7;198;0
278;Wingull;water;flying;3;['Keen Eye', 'Hydration', 'Rain Dish'];40;85;30;30;Seagull Pokémon;6;95;0
279;Pelipper;water;flying;3;['Keen Eye', 'Drizzle', 'Rain Dish'];60;65;50;100;Water Bird Pokémon;12;280;0
280;Ralts;psychic;fairy;3;['Synchronize', 'Trace', 'Telepathy'];28;40;25;25;Feeling Pokémon;4;66;0
281;Kirlia;psychic;fairy;3;['Synchronize', 'Trace', 'Telepathy'];38;50;35;35;Emotion Pokémon;8;202;0
282;Gardevoir;psychic;fairy;3;['Synchronize', 'Trace', 'Telepathy'];68;100;85;65;Embrace Pokémon;16;484;0
283;Surskit;bug;water;3;['Swift Swim', 'Rain Dish'];40;65;30;32;Pond Skater Pokémon;5;17;0
284;Masquerain;bug;flying;3;['Intimidate', 'Unnerve'];70;80;60;62;Eyeball Pokémon;8;36;0
285;Shroomish;grass;;3;['Effect Spore', 'Poison Heal', 'Quick Feet'];60;35;40;60;Mushroom Pokémon;4;45;0
286;Breloom;grass;fighting;3;['Effect Spore', 'Poison Heal', 'Technician'];60;70;130;80;Mushroom Pokémon;12;392;0
287;Slakoth;normal;;3;['Truant'];60;30;60;60;Slacker Pokémon;8;240;0
288;Vigoroth;normal;;3;['Vital Spirit'];80;90;80;80;Wild Monkey Pokémon;14;465;0
289;Slaking;normal;;3;['Truant'];150;100;160;100;Lazy Pokémon;20;1305;0
290;Nincada;bug;ground;3;['Compoundeyes', 'Run Away'];31;40;45;90;Trainee Pokémon;5;55;0
291;Ninjask;bug;flying;3;['Speed Boost', 'Infiltrator'];61;160;90;45;Ninja Pokémon;8;120;0
292;Shedinja;bug;ghost;3;['Wonder Guard'];1;40;90;45;Shed Pokémon;8;12;0
293;Whismur;normal;;3;['Soundproof', 'Rattled'];64;28;51;23;Whisper Pokémon;6;163;0
294;Loudred;normal;;3;['Soundproof', 'Scrappy'];84;48;71;43;Big Voice Pokémon;10;405;0
295;Exploud;normal;;3;['Soundproof', 'Scrappy'];104;68;91;63;Loud Noise Pokémon;15;840;0
296;Makuhita;fighting;;3;['Thick Fat', 'Guts', 'Sheer Force'];72;25;60;30;Guts Pokémon;10;864;0
297;Hariyama;fighting;;3;['Thick Fat', 'Guts', 'Sheer Force'];144;50;120;60;Arm Thrust Pokémon;23;2538;0
298;Azurill;normal;fairy;3;['Thick Fat', 'Huge Power', 'Sap Sipper'];50;20;20;40;Polka Dot Pokémon;2;20;0
299;Nosepass;rock;;3;['Sturdy', 'Magnet Pull', 'Sand Force'];30;30;45;135;Compass Pokémon;10;970;0
300;Skitty;normal;;3;['Cute Charm', 'Normalize', 'Wonder Skin '];50;50;45;45;Kitten Pokémon;6;110;0
301;Delcatty;normal;;3;['Cute Charm', 'Normalize', 'Wonder Skin '];70;90;65;65;Prim Pokémon;11;326;0
302;Sableye;dark;ghost;3;['Keen Eye', 'Stall', 'Prankster'];50;20;85;125;Darkness Pokémon;5;110;0
303;Mawile;steel;fairy;3;['Hyper Cutter', 'Intimidate', 'Sheer Force'];50;50;105;125;Deceiver Pokémon;6;115;0
304;Aron;steel;rock;3;['Sturdy', 'Rock Head', 'Heavy Metal'];50;30;70;100;Iron Armor Pokémon;4;600;0
305;Lairon;steel;rock;3;['Sturdy', 'Rock Head', 'Heavy Metal'];60;40;90;140;Iron Armor Pokémon;9;1200;0
306;Aggron;steel;rock;3;['Sturdy', 'Rock Head', 'Heavy Metal'];70;50;140;230;Iron Armor Pokémon;21;3600;0
307;Meditite;fighting;psychic;3;['Pure Power', 'Telepathy'];30;60;40;55;Meditate Pokémon;6;112;0
308;Medicham;fighting;psychic;3;['Pure Power', 'Telepathy'];60;100;100;85;Meditate Pokémon;13;315;0
309;Electrike;electric;;3;['Static', 'Lightningrod', 'Minus'];40;65;45;40;Lightning Pokémon;6;152;0
310;Manectric;electric;;3;['Static', 'Lightningrod', 'Minus'];70;135;75;80;Discharge Pokémon;15;402;0
311;Plusle;electric;;3;['Plus', 'Lightningrod'];60;95;50;40;Cheering Pokémon;4;42;0
312;Minun;electric;;3;['Minus', 'Volt Absorb'];60;95;40;50;Cheering Pokémon;4;42;0
313;Volbeat;bug;;3;['Illuminate', 'Swarm', 'Prankster'];65;85;73;75;Firefly Pokémon;7;177;0
314;Illumise;bug;;3;['Oblivious', 'Tinted Lens', 'Prankster'];65;85;47;75;Firefly Pokémon;6;177;0
315;Roselia;grass;poison;3;['Natural Cure', 'Poison Point', 'Leaf Guard'];50;65;60;45;Thorn Pokémon;3;20;0
316;Gulpin;poison;;3;['Liquid Ooze', 'Sticky Hold', 'Gluttony'];70;40;43;53;Stomach Pokémon;4;103;0
317;Swalot;poison;;3;['Liquid Ooze', 'Sticky Hold', 'Gluttony'];100;55;73;83;Poison Bag Pokémon;17;800;0
318;Carvanha;water;dark;3;['Rough Skin', 'Speed Boost'];45;65;90;20;Savage Pokémon;8;208;0
319;Sharpedo;water;dark;3;['Rough Skin', 'Speed Boost'];70;105;140;70;Brutal Pokémon;18;888;0
320;Wailmer;water;;3;['Water Veil', 'Oblivious', 'Pressure'];130;60;70;35;Ball Whale Pokémon;20;1300;0
321;Wailord;water;;3;['Water Veil', 'Oblivious', 'Pressure'];170;60;90;45;Float Whale Pokémon;145;3980;0
322;Numel;fire;ground;3;['Oblivious', 'Simple', 'Own Tempo'];60;35;60;40;Numb Pokémon;7;240;0
323;Camerupt;fire;ground;3;['Magma Armor', 'Solid Rock', 'Anger Point'];70;20;120;100;Eruption Pokémon;19;2200;0
324;Torkoal;fire;;3;['White Smoke', 'Drought', 'Shell Armor'];70;20;85;140;Coal Pokémon;5;804;0
325;Spoink;psychic;;3;['Thick Fat', 'Own Tempo', 'Gluttony'];60;60;25;35;Bounce Pokémon;7;306;0
326;Grumpig;psychic;;3;['Thick Fat', 'Own Tempo', 'Gluttony'];80;80;45;65;Manipulate Pokémon;9;715;0
327;Spinda;normal;;3;['Own Tempo', 'Tangled Feet', 'Contrary'];60;60;60;60;Spot Panda Pokémon;11;50;0
328;Trapinch;ground;;3;['Hyper Cutter', 'Arena Trap', 'Sheer Force'];45;10;100;45;Ant Pit Pokémon;7;150;0
329;Vibrava;ground;dragon;3;['Levitate'];50;70;70;50;Vibration Pokémon;11;153;0
330;Flygon;ground;dragon;3;['Levitate'];80;100;100;80;Mystic Pokémon;20;820;0
331;Cacnea;grass;;3;['Sand Veil', 'Water Absorb'];50;35;85;40;Cactus Pokémon;4;513;0
332;Cacturne;grass;dark;3;['Sand Veil', 'Water Absorb'];70;55;115;60;Scarecrow Pokémon;13;774;0
333;Swablu;normal;flying;3;['Natural Cure', 'Cloud Nine'];45;50;40;60;Cotton Bird Pokémon;4;12;0
334;Altaria;dragon;flying;3;['Natural Cure', 'Cloud Nine'];75;80;110;110;Humming Pokémon;11;206;0
335;Zangoose;normal;;3;['Immunity', 'Toxic Boost'];73;90;115;60;Cat Ferret Pokémon;13;403;0
336;Seviper;poison;;3;['Shed Skin', 'Infiltrator'];73;65;100;60;Fang Snake Pokémon;27;525;0
337;Lunatone;rock;psychic;3;['Levitate'];90;70;55;65;Meteorite Pokémon;10;1680;0
338;Solrock;rock;psychic;3;['Levitate'];90;70;95;85;Meteorite Pokémon;12;1540;0
339;Barboach;water;ground;3;['Oblivious', 'Anticipation', 'Hydration'];50;60;48;43;Whiskers Pokémon;4;19;0
340;Whiscash;water;ground;3;['Oblivious', 'Anticipation', 'Hydration'];110;60;78;73;Whiskers Pokémon;9;236;0
341;Corphish;water;;3;['Hyper Cutter', 'Shell Armor', 'Adaptability'];43;35;80;65;Ruffian Pokémon;6;115;0
342;Crawdaunt;water;dark;3;['Hyper Cutter', 'Shell Armor', 'Adaptability'];63;55;120;85;Rogue Pokémon;11;328;0
343;Baltoy;ground;psychic;3;['Levitate'];40;55;40;55;Clay Doll Pokémon;5;215;0
344;Claydol;ground;psychic;3;['Levitate'];60;75;70;105;Clay Doll Pokémon;15;1080;0
345;Lileep;rock;grass;3;['Suction Cups', 'Storm Drain'];66;23;41;77;Sea Lily Pokémon;10;238;0
346;Cradily;rock;grass;3;['Suction Cups', 'Storm Drain'];86;43;81;97;Barnacle Pokémon;15;604;0
347;Anorith;rock;bug;3;['Battle Armor', 'Swift Swim'];45;75;95;50;Old Shrimp Pokémon;7;125;0
348;Armaldo;rock;bug;3;['Battle Armor', 'Swift Swim'];75;45;125;100;Plate Pokémon;15;682;0
349;Feebas;water;;3;['Swift Swim', 'Oblivious', 'Adaptability'];20;80;15;20;Fish Pokémon;6;74;0
350;Milotic;water;;3;['Marvel Scale', 'Competitive', 'Cute Charm'];95;81;60;79;Tender Pokémon;62;1620;0
351;Castform;normal;;3;['Forecast'];70;70;70;70;Weather Pokémon;3;8;0
352;Kecleon;normal;;3;['Color Change', 'Protean'];60;40;90;70;Color Swap Pokémon;10;220;0
353;Shuppet;ghost;;3;['Insomnia', 'Frisk', 'Cursed Body'];44;45;75;35;Puppet Pokémon;6;23;0
354;Banette;ghost;;3;['Insomnia', 'Frisk', 'Cursed Body'];64;75;165;75;Marionette Pokémon;11;125;0
355;Duskull;ghost;;3;['Levitate', 'Frisk'];20;25;40;90;Requiem Pokémon;8;150;0
356;Dusclops;ghost;;3;['Pressure', 'Frisk'];40;25;70;130;Beckon Pokémon;16;306;0
357;Tropius;grass;flying;3;['Chlorophyll', 'Solar Power', 'Harvest'];99;51;68;83;Fruit Pokémon;20;1000;0
358;Chimecho;psychic;;3;['Levitate'];75;65;50;80;Wind Chime Pokémon;6;10;0
359;Absol;dark;;3;['Pressure', 'Super Luck', 'Justified'];65;115;150;60;Disaster Pokémon;12;470;0
360;Wynaut;psychic;;3;['Shadow Tag', 'Telepathy'];95;23;23;48;Bright Pokémon;6;140;0
361;Snorunt;ice;;3;['Inner Focus', 'Ice Body', 'Moody'];50;50;50;50;Snow Hat Pokémon;7;168;0
362;Glalie;ice;;3;['Inner Focus', 'Ice Body', 'Moody'];80;100;120;80;Face Pokémon;15;2565;0
363;Spheal;ice;water;3;['Thick Fat', 'Ice Body', 'Oblivious'];70;25;40;50;Clap Pokémon;8;395;0
364;Sealeo;ice;water;3;['Thick Fat', 'Ice Body', 'Oblivious'];90;45;60;70;Ball Roll Pokémon;11;876;0
365;Walrein;ice;water;3;['Thick Fat', 'Ice Body', 'Oblivious'];110;65;80;90;Ice Break Pokémon;14;1506;0
366;Clamperl;water;;3;['Shell Armor', 'Rattled'];35;32;64;85;Bivalve Pokémon;4;525;0
367;Huntail;water;;3;['Swift Swim', 'Water Veil'];55;52;104;105;Deep Sea Pokémon;17;270;0
368;Gorebyss;water;;3;['Swift Swim', 'Hydration'];55;52;84;105;South Sea Pokémon;18;226;0
369;Relicanth;water;rock;3;['Swift Swim', 'Rock Head', 'Sturdy'];100;55;90;130;Longevity Pokémon;10;234;0
370;Luvdisc;water;;3;['Swift Swim', 'Hydration'];43;97;30;55;Rendezvous Pokémon;6;87;0
371;Bagon;dragon;;3;['Rock Head', 'Sheer Force'];45;50;75;60;Rock Head Pokémon;6;421;0
372;Shelgon;dragon;;3;['Rock Head', 'Overcoat'];65;50;95;100;Endurance Pokémon;11;1105;0
373;Salamence;dragon;flying;3;['Intimidate', 'Moxie'];95;120;145;130;Dragon Pokémon;15;1026;0
374;Beldum;steel;psychic;3;['Clear Body', 'Light Metal'];40;30;55;80;Iron Ball Pokémon;6;952;0
375;Metang;steel;psychic;3;['Clear Body', 'Light Metal'];60;50;75;100;Iron Claw Pokémon;12;2025;0
376;Metagross;steel;psychic;3;['Clear Body', 'Light Metal'];80;110;145;150;Iron Leg Pokémon;16;5500;0
377;Regirock;rock;;3;['Clear Body', 'Sturdy'];80;50;100;200;Rock Peak Pokémon;17;2300;1
378;Regice;ice;;3;['Clear Body', 'Ice Body'];80;50;50;100;Iceberg Pokémon;18;1750;1
379;Registeel;steel;;3;['Clear Body', 'Light Metal'];80;50;75;150;Iron Pokémon;19;2050;1
380;Latias;dragon;psychic;3;['Levitate'];80;110;100;120;Eon Pokémon;14;400;1
381;Latios;dragon;psychic;3;['Levitate'];80;110;130;100;Eon Pokémon;20;600;1
382;Kyogre;water;;3;['Drizzle'];100;90;150;90;Sea Basin Pokémon;45;3520;1
383;Groudon;ground;;3;['Drought'];100;90;180;160;Continent Pokémon;35;9500;1
384;Rayquaza;dragon;flying;3;['Air Lock'];105;115;180;100;Sky High Pokémon;70;2065;1
385;Jirachi;steel;psychic;3;['Serene Grace'];100;100;100;100;Wish Pokémon;3;11;1
386;Deoxys;psychic;;3;['Pressure'];50;180;95;90;DNA Pokémon;17;608;1
387;Turtwig;grass;;4;['Overgrow', 'Shell Armor'];55;31;68;64;Tiny Leaf Pokémon;4;102;0
388;Grotle;grass;;4;['Overgrow', 'Shell Armor'];75;36;89;85;Grove Pokémon;11;970;0
389;Torterra;grass;ground;4;['Overgrow', 'Shell Armor'];95;56;109;105;Continent Pokémon;22;3100;0
390;Chimchar;fire;;4;['Blaze', 'Iron Fist'];44;61;58;44;Chimp Pokémon;5;62;0
391;Monferno;fire;fighting;4;['Blaze', 'Iron Fist'];64;81;78;52;Playful Pokémon;9;220;0
392;Infernape;fire;fighting;4;['Blaze', 'Iron Fist'];76;108;104;71;Flame Pokémon;12;550;0
393;Piplup;water;;4;['Torrent', 'Defiant'];53;40;51;53;Penguin Pokémon;4;52;0
394;Prinplup;water;;4;['Torrent', 'Defiant'];64;50;66;68;Penguin Pokémon;8;230;0
395;Empoleon;water;steel;4;['Torrent', 'Defiant'];84;60;86;88;Emperor Pokémon;17;845;0
396;Starly;normal;flying;4;['Keen Eye', 'Reckless'];40;60;55;30;Starling Pokémon;3;20;0
397;Staravia;normal;flying;4;['Intimidate', 'Reckless'];55;80;75;50;Starling Pokémon;6;155;0
398;Staraptor;normal;flying;4;['Intimidate', 'Reckless'];85;100;120;70;Predator Pokémon;12;249;0
399;Bidoof;normal;;4;['Simple', 'Unaware', 'Moody'];59;31;45;40;Plump Mouse Pokémon;5;200;0
400;Bibarel;normal;water;4;['Simple', 'Unaware', 'Moody'];79;71;85;60;Beaver Pokémon;10;315;0
401;Kricketot;bug;;4;['Shed Skin', 'Run Away'];37;25;25;41;Cricket Pokémon;3;22;0
402;Kricketune;bug;;4;['Swarm', 'Technician'];77;65;85;51;Cricket Pokémon;10;255;0
403;Shinx;electric;;4;['Rivalry', 'Intimidate', 'Guts'];45;45;65;34;Flash Pokémon;5;95;0
404;Luxio;electric;;4;['Rivalry', 'Intimidate', 'Guts'];60;60;85;49;Spark Pokémon;9;305;0
405;Luxray;electric;;4;['Rivalry', 'Intimidate', 'Guts'];80;70;120;79;Gleam Eyes Pokémon;14;420;0
406;Budew;grass;poison;4;['Natural Cure', 'Poison Point', 'Leaf Guard'];40;55;30;35;Bud Pokémon;2;12;0
407;Roserade;grass;poison;4;['Natural Cure', 'Poison Point', 'Technician'];60;90;70;65;Bouquet Pokémon;9;145;0
408;Cranidos;rock;;4;['Mold Breaker', 'Sheer Force'];67;58;125;40;Head Butt Pokémon;9;315;0
409;Rampardos;rock;;4;['Mold Breaker', 'Sheer Force'];97;58;165;60;Head Butt Pokémon;16;1025;0
410;Shieldon;rock;steel;4;['Sturdy', 'Soundproof'];30;30;42;118;Shield Pokémon;5;570;0
411;Bastiodon;rock;steel;4;['Sturdy', 'Soundproof'];60;30;52;168;Shield Pokémon;13;1495;0
412;Burmy;bug;;4;['Shed Skin', 'Overcoat'];40;36;29;45;Bagworm Pokémon;2;34;0
413;Wormadam;bug;grass;4;['Anticipation', 'Overcoat'];60;36;69;95;Bagworm Pokémon;5;65;0
414;Mothim;bug;flying;4;['Swarm', 'Tinted Lens'];70;66;94;50;Moth Pokémon;9;233;0
415;Combee;bug;flying;4;['Honey Gather', 'Hustle'];30;70;30;42;Tiny Bee Pokémon;3;55;0
416;Vespiquen;bug;flying;4;['Pressure', 'Unnerve'];70;40;80;102;Beehive Pokémon;12;385;0
417;Pachirisu;electric;;4;['Run Away', 'Pickup', 'Volt Absorb'];60;95;45;70;EleSquirrel Pokémon;4;39;0
418;Buizel;water;;4;['Swift Swim', 'Water Veil'];55;85;65;35;Sea Weasel Pokémon;7;295;0
419;Floatzel;water;;4;['Swift Swim', 'Water Veil'];85;115;105;55;Sea Weasel Pokémon;11;335;0
420;Cherubi;grass;;4;['Chlorophyll'];45;35;35;45;Cherry Pokémon;4;33;0
421;Cherrim;grass;;4;['Flower Gift'];70;85;60;70;Blossom Pokémon;5;93;0
422;Shellos;water;;4;['Sticky Hold', 'Storm Drain', 'Sand Force'];76;34;48;48;Sea Slug Pokémon;3;63;0
423;Gastrodon;water;ground;4;['Sticky Hold', 'Storm Drain', 'Sand Force'];111;39;83;68;Sea Slug Pokémon;9;299;0
424;Ambipom;normal;;4;['Technician', 'Pickup', 'Skill Link'];75;115;100;66;Long Tail Pokémon;12;203;0
425;Drifloon;ghost;flying;4;['Aftermath', 'Unburden', 'Flare Boost'];90;70;50;34;Balloon Pokémon;4;12;0
426;Drifblim;ghost;flying;4;['Aftermath', 'Unburden', 'Flare Boost'];150;80;80;44;Blimp Pokémon;12;150;0
427;Buneary;normal;;4;['Run Away', 'Klutz', 'Limber'];55;85;66;44;Rabbit Pokémon;4;55;0
428;Lopunny;normal;;4;['Cute Charm', 'Klutz', 'Limber'];65;135;136;94;Rabbit Pokémon;12;333;0
429;Mismagius;ghost;;4;['Levitate'];60;105;60;60;Magical Pokémon;9;44;0
430;Honchkrow;dark;flying;4;['Insomnia', 'Super Luck', 'Moxie'];100;71;125;52;Big Boss Pokémon;9;273;0
431;Glameow;normal;;4;['Limber', 'Own Tempo', 'Keen Eye'];49;85;55;42;Catty Pokémon;5;39;0
432;Purugly;normal;;4;['Thick Fat', 'Own Tempo', 'Defiant'];71;112;82;64;Tiger Cat Pokémon;10;438;0
433;Chingling;psychic;;4;['Levitate'];45;45;30;50;Bell Pokémon;2;6;0
434;Stunky;poison;dark;4;['Stench', 'Aftermath', 'Keen Eye'];63;74;63;47;Skunk Pokémon;4;192;0
435;Skuntank;poison;dark;4;['Stench', 'Aftermath', 'Keen Eye'];103;84;93;67;Skunk Pokémon;10;380;0
436;Bronzor;steel;psychic;4;['Levitate', 'Heatproof', 'Heavy Metal'];57;23;24;86;Bronze Pokémon;5;605;0
437;Bronzong;steel;psychic;4;['Levitate', 'Heatproof', 'Heavy Metal'];67;33;89;116;Bronze Bell Pokémon;13;1870;0
438;Bonsly;rock;;4;['Sturdy', 'Rock Head', 'Rattled'];50;10;80;95;Bonsai Pokémon;5;150;0
439;Mime Jr.;psychic;fairy;4;['Soundproof', 'Filter', 'Technician'];20;60;25;45;Mime Pokémon;6;130;0
440;Happiny;normal;;4;['Natural Cure', 'Serene Grace', 'Friend Guard'];100;30;5;5;Playhouse Pokémon;6;244;0
441;Chatot;normal;flying;4;['Keen Eye', 'Tangled Feet', 'Big Pecks'];76;91;65;45;Music Note Pokémon;5;19;0
442;Spiritomb;ghost;dark;4;['Pressure', 'Infiltrator'];50;35;92;108;Forbidden Pokémon;10;1080;0
443;Gible;dragon;ground;4;['Sand Veil', 'Rough Skin'];58;42;70;45;Land Shark Pokémon;7;205;0
444;Gabite;dragon;ground;4;['Sand Veil', 'Rough Skin'];68;82;90;65;Cave Pokémon;14;560;0
445;Garchomp;dragon;ground;4;['Sand Veil', 'Rough Skin'];108;92;170;115;Mach Pokémon;19;950;0
446;Munchlax;normal;;4;['Pickup', 'Thick Fat', 'Gluttony'];135;5;85;40;Big Eater Pokémon;6;1050;0
447;Riolu;fighting;;4;['Steadfast', 'Inner Focus', 'Prankster'];40;60;70;40;Emanation Pokémon;7;202;0
448;Lucario;fighting;steel;4;['Steadfast', 'Inner Focus', 'Justified'];70;112;145;88;Aura Pokémon;12;540;0
449;Hippopotas;ground;;4;['Sand Stream', 'Sand Force'];68;32;72;78;Hippo Pokémon;8;495;0
450;Hippowdon;ground;;4;['Sand Stream', 'Sand Force'];108;47;112;118;Heavyweight Pokémon;20;3000;0
451;Skorupi;poison;bug;4;['Battle Armor', 'Sniper', 'Keen Eye'];40;65;50;90;Scorpion Pokémon;8;120;0
452;Drapion;poison;dark;4;['Battle Armor', 'Sniper', 'Keen Eye'];70;95;90;110;Ogre Scorp Pokémon;13;615;0
453;Croagunk;poison;fighting;4;['Anticipation', 'Dry Skin', 'Poison Touch'];48;50;61;40;Toxic Mouth Pokémon;7;230;0
454;Toxicroak;poison;fighting;4;['Anticipation', 'Dry Skin', 'Poison Touch'];83;85;106;65;Toxic Mouth Pokémon;13;444;0
455;Carnivine;grass;;4;['Levitate'];74;46;100;72;Bug Catcher Pokémon;14;270;0
456;Finneon;water;;4;['Swift Swim', 'Storm Drain', 'Water Veil'];49;66;49;56;Wing Fish Pokémon;4;70;0
457;Lumineon;water;;4;['Swift Swim', 'Storm Drain', 'Water Veil'];69;91;69;76;Neon Pokémon;12;240;0
458;Mantyke;water;flying;4;['Swift Swim', 'Water Absorb', 'Water Veil'];45;50;20;50;Kite Pokémon;10;650;0
459;Snover;grass;ice;4;['Snow Warning', 'Soundproof'];60;40;62;50;Frosted Tree Pokémon;10;505;0
460;Abomasnow;grass;ice;4;['Snow Warning', 'Soundproof'];90;30;132;105;Frosted Tree Pokémon;22;1355;0
461;Weavile;dark;ice;4;['Pressure', 'Pickpocket'];70;125;120;65;Sharp Claw Pokémon;11;340;0
462;Magnezone;electric;steel;4;['Magnet Pull', 'Sturdy', 'Analytic'];70;60;70;115;Magnet Area Pokémon;12;1800;0
463;Lickilicky;normal;;4;['Own Tempo', 'Oblivious', 'Cloud Nine'];110;50;85;95;Licking Pokémon;17;1400;0
464;Rhyperior;ground;rock;4;['Lightningrod', 'Solid Rock', 'Reckless'];115;40;140;130;Drill Pokémon;24;2828;0
465;Tangrowth;grass;;4;['Chlorophyll', 'Leaf Guard', 'Regenerator'];100;50;100;125;Vine Pokémon;20;1286;0
466;Electivire;electric;;4;['Motor Drive', 'Vital Spirit'];75;95;123;67;Thunderbolt Pokémon;18;1386;0
467;Magmortar;fire;;4;['Flame Body', 'Vital Spirit'];75;83;95;67;Blast Pokémon;16;680;0
468;Togekiss;fairy;flying;4;['Hustle', 'Serene Grace', 'Super Luck'];85;80;50;95;Jubilee Pokémon;15;380;0
469;Yanmega;bug;flying;4;['Speed Boost', 'Tinted Lens', 'Frisk'];86;95;76;86;Ogre Darner Pokémon;19;515;0
470;Leafeon;grass;;4;['Leaf Guard', 'Chlorophyll'];65;95;110;130;Verdant Pokémon;10;255;0
471;Glaceon;ice;;4;['Snow Cloak', 'Ice Body'];65;65;60;110;Fresh Snow Pokémon;8;259;0
472;Gliscor;ground;flying;4;['Hyper Cutter', 'Sand Veil', 'Poison Heal'];75;95;95;125;Fang Scorp Pokémon;20;425;0
473;Mamoswine;ice;ground;4;['Oblivious', 'Snow Cloak', 'Thick Fat'];110;80;130;80;Twin Tusk Pokémon;25;2910;0
474;Porygon-Z;normal;;4;['Adaptability', 'Download', 'Analytic'];85;90;80;70;Virtual Pokémon;9;340;0
475;Gallade;psychic;fighting;4;['Steadfast', 'Justified'];68;110;165;95;Blade Pokémon;16;520;0
476;Probopass;rock;steel;4;['Sturdy', 'Magnet Pull', 'Sand Force'];60;40;55;145;Compass Pokémon;14;3400;0
477;Dusknoir;ghost;;4;['Pressure', 'Frisk'];45;45;100;135;Gripper Pokémon;22;1066;0
478;Froslass;ice;ghost;4;['Snow Cloak', 'Cursed Body'];70;110;80;70;Snow Land Pokémon;13;266;0
479;Rotom;electric;ghost;4;['Levitate'];50;86;65;107;Plasma Pokémon;3;3;0
480;Uxie;psychic;;4;['Levitate'];75;95;75;130;Knowledge Pokémon;3;3;1
481;Mesprit;psychic;;4;['Levitate'];80;80;105;105;Emotion Pokémon;3;3;1
482;Azelf;psychic;;4;['Levitate'];75;115;125;70;Willpower Pokémon;3;3;1
483;Dialga;steel;dragon;4;['Pressure', 'Telepathy'];100;90;120;120;Temporal Pokémon;54;6830;1
484;Palkia;water;dragon;4;['Pressure', 'Telepathy'];90;100;120;100;Spatial Pokémon;42;3360;1
485;Heatran;fire;steel;4;['Flash Fire', 'Flame Body'];91;77;90;106;Lava Dome Pokémon;17;4300;1
486;Regigigas;normal;;4;['Slow Start'];110;100;160;110;Colossal Pokémon;37;4200;1
487;Giratina;ghost;dragon;4;['Pressure', 'Telepathy', 'Levitate'];150;90;120;100;Renegade Pokémon;45;7500;1
488;Cresselia;psychic;;4;['Levitate'];120;85;70;120;Lunar Pokémon;15;856;1
489;Phione;water;;4;['Hydration'];80;80;80;80;Sea Drifter Pokémon;4;31;0
490;Manaphy;water;;4;['Hydration'];100;100;100;100;Seafaring Pokémon;3;14;1
491;Darkrai;dark;;4;['Bad Dreams'];70;125;90;90;Pitch-Black Pokémon;15;505;1
492;Shaymin;grass;grass;4;['Natural Cure', 'Serene Grace'];100;127;103;75;Gratitude Pokémon;2;21;1
493;Arceus;normal;;4;['Multitype'];120;120;120;120;Alpha Pokémon;32;3200;1
494;Victini;psychic;fire;5;['Victory Star'];100;100;100;100;Victory Pokémon;4;40;1
495;Snivy;grass;;5;['Overgrow', 'Contrary'];45;63;45;55;Grass Snake Pokémon;6;81;0
496;Servine;grass;;5;['Overgrow', 'Contrary'];60;83;60;75;Grass Snake Pokémon;8;160;0
497;Serperior;grass;;5;['Overgrow', 'Contrary'];75;113;75;95;Regal Pokémon;33;630;0
498;Tepig;fire;;5;['Blaze', 'Thick Fat'];65;45;63;45;Fire Pig Pokémon;5;99;0
499;Pignite;fire;fighting;5;['Blaze', 'Thick Fat'];90;55;93;55;Fire Pig Pokémon;10;555;0
500;Emboar;fire;fighting;5;['Blaze', 'Reckless'];110;65;123;65;Mega Fire Pig Pokémon;16;1500;0
501;Oshawott;water;;5;['Torrent', 'Shell Armor'];55;45;55;45;Sea Otter Pokémon;5;59;0
502;Dewott;water;;5;['Torrent', 'Shell Armor'];75;60;75;60;Discipline Pokémon;8;245;0
503;Samurott;water;;5;['Torrent', 'Shell Armor'];95;70;100;85;Formidable Pokémon;15;946;0
504;Patrat;normal;;5;['Run Away', 'Keen Eye', 'Analytic'];45;42;55;39;Scout Pokémon;5;116;0
505;Watchog;normal;;5;['Illuminate', 'Keen Eye', 'Analytic'];60;77;85;69;Lookout Pokémon;11;270;0
506;Lillipup;normal;;5;['Vital Spirit', 'Pickup', 'Run Away'];45;55;60;45;Puppy Pokémon;4;41;0
507;Herdier;normal;;5;['Intimidate', 'Sand Rush', 'Scrappy'];65;60;80;65;Loyal Dog Pokémon;9;147;0
508;Stoutland;normal;;5;['Intimidate', 'Sand Rush', 'Scrappy'];85;80;110;90;Big-Hearted Pokémon;12;610;0
509;Purrloin;dark;;5;['Limber', 'Unburden', 'Prankster'];41;66;50;37;Devious Pokémon;4;101;0
510;Liepard;dark;;5;['Limber', 'Unburden', 'Prankster'];64;106;88;50;Cruel Pokémon;11;375;0
511;Pansage;grass;;5;['Gluttony', 'Overgrow'];50;64;53;48;Grass Monkey Pokémon;6;105;0
512;Simisage;grass;;5;['Gluttony', 'Overgrow'];75;101;98;63;Thorn Monkey Pokémon;11;305;0
513;Pansear;fire;;5;['Gluttony', 'Blaze'];50;64;53;48;High Temp Pokémon;6;110;0
514;Simisear;fire;;5;['Gluttony', 'Blaze'];75;101;98;63;Ember Pokémon;10;280;0
515;Panpour;water;;5;['Gluttony', 'Torrent'];50;64;53;48;Spray Pokémon;6;135;0
516;Simipour;water;;5;['Gluttony', 'Torrent'];75;101;98;63;Geyser Pokémon;10;290;0
517;Munna;psychic;;5;['Forewarn', 'Synchronize', 'Telepathy'];76;24;25;45;Dream Eater Pokémon;6;233;0
518;Musharna;psychic;;5;['Forewarn', 'Synchronize', 'Telepathy'];116;29;55;85;Drowsing Pokémon;11;605;0
519;Pidove;normal;flying;5;['Big Pecks', 'Super Luck', 'Rivalry'];50;43;55;50;Tiny Pigeon Pokémon;3;21;0
520;Tranquill;normal;flying;5;['Big Pecks', 'Super Luck', 'Rivalry'];62;65;77;62;Wild Pigeon Pokémon;6;150;0
521;Unfezant;normal;flying;5;['Big Pecks', 'Super Luck', 'Rivalry'];80;93;115;80;Proud Pokémon;12;290;0
522;Blitzle;electric;;5;['Lightningrod', 'Motor Drive', 'Sap Sipper'];45;76;60;32;Electrified Pokémon;8;298;0
523;Zebstrika;electric;;5;['Lightningrod', 'Motor Drive', 'Sap Sipper'];75;116;100;63;Thunderbolt Pokémon;16;795;0
524;Roggenrola;rock;;5;['Sturdy', 'Weak Armor', 'Sand Force'];55;15;75;85;Mantle Pokémon;4;180;0
525;Boldore;rock;;5;['Sturdy', 'Weak Armor', 'Sand Force'];70;20;105;105;Ore Pokémon;9;1020;0
526;Gigalith;rock;;5;['Sturdy', 'Sand Stream', 'Sand Force'];85;25;135;130;Compressed Pokémon;17;2600;0
527;Woobat;psychic;flying;5;['Unaware', 'Klutz', 'Simple'];65;72;45;43;Bat Pokémon;4;21;0
528;Swoobat;psychic;flying;5;['Unaware', 'Klutz', 'Simple'];67;114;57;55;Courting Pokémon;9;105;0
529;Drilbur;ground;;5;['Sand Rush', 'Sand Force', 'Mold Breaker'];60;68;85;40;Mole Pokémon;3;85;0
530;Excadrill;ground;steel;5;['Sand Rush', 'Sand Force', 'Mold Breaker'];110;88;135;60;Subterrene Pokémon;7;404;0
531;Audino;normal;;5;['Healer', 'Regenerator', 'Klutz'];103;50;60;126;Hearing Pokémon;11;310;0
532;Timburr;fighting;;5;['Guts', 'Sheer Force', 'Iron Fist'];75;35;80;55;Muscular Pokémon;6;125;0
533;Gurdurr;fighting;;5;['Guts', 'Sheer Force', 'Iron Fist'];85;40;105;85;Muscular Pokémon;12;400;0
534;Conkeldurr;fighting;;5;['Guts', 'Sheer Force', 'Iron Fist'];105;45;140;95;Muscular Pokémon;14;870;0
535;Tympole;water;;5;['Swift Swim', 'Hydration', 'Water Absorb'];50;64;50;40;Tadpole Pokémon;5;45;0
536;Palpitoad;water;ground;5;['Swift Swim', 'Hydration', 'Water Absorb'];75;69;65;55;Vibration Pokémon;8;170;0
537;Seismitoad;water;ground;5;['Swift Swim', 'Poison Touch', 'Water Absorb'];105;74;95;75;Vibration Pokémon;15;620;0
538;Throh;fighting;;5;['Guts', 'Inner Focus', 'Mold Breaker'];120;45;100;85;Judo Pokémon;13;555;0
539;Sawk;fighting;;5;['Sturdy', 'Inner Focus', 'Mold Breaker'];75;85;125;75;Karate Pokémon;14;510;0
540;Sewaddle;bug;grass;5;['Swarm', 'Chlorophyll', 'Overcoat'];45;42;53;70;Sewing Pokémon;3;25;0
541;Swadloon;bug;grass;5;['Leaf Guard', 'Chlorophyll', 'Overcoat'];55;42;63;90;Leaf-Wrapped Pokémon;5;73;0
542;Leavanny;bug;grass;5;['Swarm', 'Chlorophyll', 'Overcoat'];75;92;103;80;Nurturing Pokémon;12;205;0
543;Venipede;bug;poison;5;['Poison Point', 'Swarm', 'Speed Boost'];30;57;45;59;Centipede Pokémon;4;53;0
544;Whirlipede;bug;poison;5;['Poison Point', 'Swarm', 'Speed Boost'];40;47;55;99;Curlipede Pokémon;12;585;0
545;Scolipede;bug;poison;5;['Poison Point', 'Swarm', 'Speed Boost'];60;112;100;89;Megapede Pokémon;25;2005;0
546;Cottonee;grass;fairy;5;['Prankster', 'Infiltrator', 'Chlorophyll'];40;66;27;60;Cotton Puff Pokémon;3;6;0
547;Whimsicott;grass;fairy;5;['Prankster', 'Infiltrator', 'Chlorophyll'];60;116;67;85;Windveiled Pokémon;7;66;0
548;Petilil;grass;;5;['Chlorophyll', 'Own Tempo', 'Leaf Guard'];45;30;35;50;Bulb Pokémon;5;66;0
549;Lilligant;grass;;5;['Chlorophyll', 'Own Tempo', 'Leaf Guard'];70;90;60;75;Flowering Pokémon;11;163;0
550;Basculin;water;;5;['Reckless', 'Rock Head', 'Adaptability', 'Mold Breaker'];70;98;92;65;Hostile Pokémon;10;180;0
551;Sandile;ground;dark;5;['Intimidate', 'Moxie', 'Anger Point'];50;65;72;35;Desert Croc Pokémon;7;152;0
552;Krokorok;ground;dark;5;['Intimidate', 'Moxie', 'Anger Point'];60;74;82;45;Desert Croc Pokémon;10;334;0
553;Krookodile;ground;dark;5;['Intimidate', 'Moxie', 'Anger Point'];95;92;117;80;Intimidation Pokémon;15;963;0
554;Darumaka;fire;;5;['Hustle', 'Inner Focus'];70;50;90;45;Zen Charm Pokémon;6;375;0
555;Darmanitan;fire;fire;5;['Sheer Force', 'Zen Mode'];105;55;30;105;Blazing Pokémon;13;929;0
556;Maractus;grass;;5;['Water Absorb', 'Chlorophyll', 'Storm Drain'];75;60;86;67;Cactus Pokémon;10;280;0
557;Dwebble;bug;rock;5;['Sturdy', 'Shell Armor', 'Weak Armor'];50;55;65;85;Rock Inn Pokémon;3;145;0
558;Crustle;bug;rock;5;['Sturdy', 'Shell Armor', 'Weak Armor'];70;45;105;125;Stone Home Pokémon;14;2000;0
559;Scraggy;dark;fighting;5;['Shed Skin', 'Moxie', 'Intimidate'];50;48;75;70;Shedding Pokémon;6;118;0
560;Scrafty;dark;fighting;5;['Shed Skin', 'Moxie', 'Intimidate'];65;58;90;115;Hoodlum Pokémon;11;300;0
561;Sigilyph;psychic;flying;5;['Wonder Skin ', 'Magic Guard', 'Tinted Lens'];72;97;58;80;Avianoid Pokémon;14;140;0
562;Yamask;ghost;;5;['Mummy'];38;30;30;85;Spirit Pokémon;5;15;0
563;Cofagrigus;ghost;;5;['Mummy'];58;30;50;145;Coffin Pokémon;17;765;0
564;Tirtouga;water;rock;5;['Solid Rock', 'Sturdy', 'Swift Swim'];54;22;78;103;Prototurtle Pokémon;7;165;0
565;Carracosta;water;rock;5;['Solid Rock', 'Sturdy', 'Swift Swim'];74;32;108;133;Prototurtle Pokémon;12;810;0
566;Archen;rock;flying;5;['Defeatist'];55;70;112;45;First Bird Pokémon;5;95;0
567;Archeops;rock;flying;5;['Defeatist'];75;110;140;65;First Bird Pokémon;14;320;0
568;Trubbish;poison;;5;['Stench', 'Sticky Hold', 'Aftermath'];50;65;50;62;Trash Bag Pokémon;6;310;0
569;Garbodor;poison;;5;['Stench', 'Weak Armor', 'Aftermath'];80;75;95;82;Trash Heap Pokémon;19;1073;0
570;Zorua;dark;;5;['Illusion'];40;65;65;40;Tricky Fox Pokémon;7;125;0
571;Zoroark;dark;;5;['Illusion'];60;105;105;60;Illusion Fox Pokémon;16;811;0
572;Minccino;normal;;5;['Cute Charm', 'Technician', 'Skill Link'];55;75;50;40;Chinchilla Pokémon;4;58;0
573;Cinccino;normal;;5;['Cute Charm', 'Technician', 'Skill Link'];75;115;95;60;Scarf Pokémon;5;75;0
574;Gothita;psychic;;5;['Frisk', 'Competitive', 'Shadow Tag'];45;45;30;50;Fixation Pokémon;4;58;0
575;Gothorita;psychic;;5;['Frisk', 'Competitive', 'Shadow Tag'];60;55;45;70;Manipulate Pokémon;7;180;0
576;Gothitelle;psychic;;5;['Frisk', 'Competitive', 'Shadow Tag'];70;65;55;95;Astral Body Pokémon;15;440;0
577;Solosis;psychic;;5;['Overcoat', 'Magic Guard', 'Regenerator'];45;20;30;40;Cell Pokémon;3;10;0
578;Duosion;psychic;;5;['Overcoat', 'Magic Guard', 'Regenerator'];65;30;40;50;Mitosis Pokémon;6;80;0
579;Reuniclus;psychic;;5;['Overcoat', 'Magic Guard', 'Regenerator'];110;30;65;75;Multiplying Pokémon;10;201;0
580;Ducklett;water;flying;5;['Keen Eye', 'Big Pecks', 'Hydration'];62;55;44;50;Water Bird Pokémon;5;55;0
581;Swanna;water;flying;5;['Keen Eye', 'Big Pecks', 'Hydration'];75;98;87;63;White Bird Pokémon;13;242;0
582;Vanillite;ice;;5;['Ice Body', 'Snow Cloak', 'Weak Armor'];36;44;50;50;Fresh Snow Pokémon;4;57;0
583;Vanillish;ice;;5;['Ice Body', 'Snow Cloak', 'Weak Armor'];51;59;65;65;Icy Snow Pokémon;11;410;0
584;Vanilluxe;ice;;5;['Ice Body', 'Snow Warning', 'Weak Armor'];71;79;95;85;Snowstorm Pokémon;13;575;0
585;Deerling;normal;grass;5;['Chlorophyll', 'Sap Sipper', 'Serene Grace'];60;75;60;50;Season Pokémon;6;195;0
586;Sawsbuck;normal;grass;5;['Chlorophyll', 'Sap Sipper', 'Serene Grace'];80;95;100;70;Season Pokémon;19;925;0
587;Emolga;electric;flying;5;['Static', 'Motor Drive'];55;103;75;60;Sky Squirrel Pokémon;4;50;0
588;Karrablast;bug;;5;['Swarm', 'Shed Skin', 'No Guard'];50;60;75;45;Clamping Pokémon;5;59;0
589;Escavalier;bug;steel;5;['Swarm', 'Shell Armor', 'Overcoat'];70;20;135;105;Cavalry Pokémon;10;330;0
590;Foongus;grass;poison;5;['Effect Spore', 'Regenerator'];69;15;55;45;Mushroom Pokémon;2;10;0
591;Amoonguss;grass;poison;5;['Effect Spore', 'Regenerator'];114;30;85;70;Mushroom Pokémon;6;105;0
592;Frillish;water;ghost;5;['Water Absorb', 'Cursed Body', 'Damp'];55;40;40;50;Floating Pokémon;12;330;0
593;Jellicent;water;ghost;5;['Water Absorb', 'Cursed Body', 'Damp'];100;60;60;70;Floating Pokémon;22;1350;0
594;Alomomola;water;;5;['Healer', 'Hydration', 'Regenerator'];165;65;75;80;Caring Pokémon;12;316;0
595;Joltik;bug;electric;5;['Compoundeyes', 'Unnerve', 'Swarm'];50;65;47;50;Attaching Pokémon;1;6;0
596;Galvantula;bug;electric;5;['Compoundeyes', 'Unnerve', 'Swarm'];70;108;77;60;EleSpider Pokémon;8;143;0
597;Ferroseed;grass;steel;5;['Iron Barbs'];44;10;50;91;Thorn Seed Pokémon;6;188;0
598;Ferrothorn;grass;steel;5;['Iron Barbs', 'Anticipation'];74;20;94;131;Thorn Pod Pokémon;10;1100;0
599;Klink;steel;;5;['Plus', 'Minus', 'Clear Body'];40;30;55;70;Gear Pokémon;3;210;0
600;Klang;steel;;5;['Plus', 'Minus', 'Clear Body'];60;50;80;95;Gear Pokémon;6;510;0
601;Klinklang;steel;;5;['Plus', 'Minus', 'Clear Body'];60;90;100;115;Gear Pokémon;6;810;0
602;Tynamo;electric;;5;['Levitate'];35;60;55;40;EleFish Pokémon;2;3;0
603;Eelektrik;electric;;5;['Levitate'];65;40;85;70;EleFish Pokémon;12;220;0
604;Eelektross;electric;;5;['Levitate'];85;50;115;80;EleFish Pokémon;21;805;0
605;Elgyem;psychic;;5;['Telepathy', 'Synchronize', 'Analytic'];55;30;55;55;Cerebral Pokémon;5;90;0
606;Beheeyem;psychic;;5;['Telepathy', 'Synchronize', 'Analytic'];75;40;75;75;Cerebral Pokémon;10;345;0
607;Litwick;ghost;fire;5;['Flash Fire', 'Flame Body', 'Infiltrator'];50;20;30;55;Candle Pokémon;3;31;0
608;Lampent;ghost;fire;5;['Flash Fire', 'Flame Body', 'Infiltrator'];60;55;40;60;Lamp Pokémon;6;130;0
609;Chandelure;ghost;fire;5;['Flash Fire', 'Flame Body', 'Infiltrator'];60;80;55;90;Luring Pokémon;10;343;0
610;Axew;dragon;;5;['Rivalry', 'Mold Breaker', 'Unnerve'];46;57;87;60;Tusk Pokémon;6;180;0
611;Fraxure;dragon;;5;['Rivalry', 'Mold Breaker', 'Unnerve'];66;67;117;70;Axe Jaw Pokémon;10;360;0
612;Haxorus;dragon;;5;['Rivalry', 'Mold Breaker', 'Unnerve'];76;97;147;90;Axe Jaw Pokémon;18;1055;0
613;Cubchoo;ice;;5;['Snow Cloak', 'Slush Rush', 'Rattled'];55;40;70;40;Chill Pokémon;5;85;0
614;Beartic;ice;;5;['Snow Cloak', 'Slush Rush', 'Swift Swim'];95;50;130;80;Freezing Pokémon;26;2600;0
615;Cryogonal;ice;;5;['Levitate'];80;105;50;50;Crystallizing Pokémon;11;1480;0
616;Shelmet;bug;;5;['Hydration', 'Shell Armor', 'Overcoat'];50;25;40;85;Snail Pokémon;4;77;0
617;Accelgor;bug;;5;['Hydration', 'Sticky Hold', 'Unburden'];80;145;70;40;Shell Out Pokémon;8;253;0
618;Stunfisk;ground;electric;5;['Static', 'Limber', 'Sand Veil'];109;32;66;84;Trap Pokémon;7;110;0
619;Mienfoo;fighting;;5;['Inner Focus', 'Regenerator', 'Reckless'];45;65;85;50;Martial Arts Pokémon;9;200;0
620;Mienshao;fighting;;5;['Inner Focus', 'Regenerator', 'Reckless'];65;105;125;60;Martial Arts Pokémon;14;355;0
621;Druddigon;dragon;;5;['Rough Skin', 'Sheer Force', 'Mold Breaker'];77;48;120;90;Cave Pokémon;16;1390;0
622;Golett;ground;ghost;5;['Iron Fist', 'Klutz', 'No Guard'];59;35;74;50;Automaton Pokémon;10;920;0
623;Golurk;ground;ghost;5;['Iron Fist', 'Klutz', 'No Guard'];89;55;124;80;Automaton Pokémon;28;3300;0
624;Pawniard;dark;steel;5;['Defiant', 'Inner Focus', 'Pressure'];45;60;85;70;Sharp Blade Pokémon;5;102;0
625;Bisharp;dark;steel;5;['Defiant', 'Inner Focus', 'Pressure'];65;70;125;100;Sword Blade Pokémon;16;700;0
626;Bouffalant;normal;;5;['Reckless', 'Sap Sipper', 'Soundproof'];95;55;110;95;Bash Buffalo Pokémon;16;946;0
627;Rufflet;normal;flying;5;['Keen Eye', 'Sheer Force', 'Hustle'];70;60;83;50;Eaglet Pokémon;5;105;0
628;Braviary;normal;flying;5;['Keen Eye', 'Sheer Force', 'Defiant'];100;80;123;75;Valiant Pokémon;15;410;0
629;Vullaby;dark;flying;5;['Big Pecks', 'Overcoat', 'Weak Armor'];70;60;55;75;Diapered Pokémon;5;90;0
630;Mandibuzz;dark;flying;5;['Big Pecks', 'Overcoat', 'Weak Armor'];110;80;65;105;Bone Vulture Pokémon;12;395;0
631;Heatmor;fire;;5;['Gluttony', 'Flash Fire', 'White Smoke'];85;65;97;66;Anteater Pokémon;14;580;0
632;Durant;bug;steel;5;['Swarm', 'Hustle', 'Truant'];58;109;109;112;Iron Ant Pokémon;3;330;0
633;Deino;dark;dragon;5;['Hustle'];52;38;65;50;Irate Pokémon;8;173;0
634;Zweilous;dark;dragon;5;['Hustle'];72;58;85;70;Hostile Pokémon;14;500;0
635;Hydreigon;dark;dragon;5;['Levitate'];92;98;105;90;Brutal Pokémon;18;1600;0
636;Larvesta;bug;fire;5;['Flame Body', 'Swarm'];55;60;85;55;Torch Pokémon;11;288;0
637;Volcarona;bug;fire;5;['Flame Body', 'Swarm'];85;100;60;65;Sun Pokémon;16;460;0
638;Cobalion;steel;fighting;5;['Justified'];91;108;90;129;Iron Will Pokémon;21;2500;1
639;Terrakion;rock;fighting;5;['Justified'];91;108;129;90;Cavern Pokémon;19;2600;1
640;Virizion;grass;fighting;5;['Justified'];91;108;90;72;Grassland Pokémon;20;2000;1
641;Tornadus;flying;;5;['Prankster', 'Defiant', 'Regenerator'];79;121;100;80;Cyclone Pokémon;15;630;1
642;Thundurus;electric;flying;5;['Prankster', 'Defiant', 'Volt Absorb'];79;101;105;70;Bolt Strike Pokémon;15;610;1
643;Reshiram;dragon;fire;5;['Turboblaze'];100;90;120;100;Vast White Pokémon;32;3300;1
644;Zekrom;dragon;electric;5;['Teravolt'];100;90;150;120;Deep Black Pokémon;29;3450;1
645;Landorus;ground;flying;5;['Sand Force', 'Sheer Force', 'Intimidate'];89;91;145;90;Abundance Pokémon;15;680;1
646;Kyurem;dragon;ice;5;['Pressure', 'Teravolt', 'Turboblaze'];125;95;120;90;Boundary Pokémon;30;3250;1
647;Keldeo;water;fighting;5;['Justified'];91;108;72;90;Colt Pokémon;14;485;1
648;Meloetta;normal;psychic;5;['Serene Grace'];100;128;128;90;Melody Pokémon;6;65;1
649;Genesect;bug;steel;5;['Download'];71;99;120;95;Paleozoic Pokémon;15;825;1
650;Chespin;grass;;6;['Overgrow', 'Bulletproof'];56;38;61;65;Spiky Nut Pokémon;4;90;0
651;Quilladin;grass;;6;['Overgrow', 'Bulletproof'];61;57;78;95;Spiny Armor Pokémon;7;290;0
652;Chesnaught;grass;fighting;6;['Overgrow', 'Bulletproof'];88;64;107;122;Spiny Armor Pokémon;16;900;0
653;Fennekin;fire;;6;['Blaze', 'Magician'];40;60;45;40;Fox Pokémon;4;94;0
654;Braixen;fire;;6;['Blaze', 'Magician'];59;73;59;58;Fox Pokémon;10;145;0
655;Delphox;fire;psychic;6;['Blaze', 'Magician'];75;104;69;72;Fox Pokémon;15;390;0
656;Froakie;water;;6;['Torrent', 'Protean'];41;71;56;40;Bubble Frog Pokémon;3;70;0
657;Frogadier;water;;6;['Torrent', 'Protean'];54;97;63;52;Bubble Frog Pokémon;6;109;0
658;Greninja;water;dark;6;['Torrent', 'Protean', 'Battle Bond'];72;132;145;67;Ninja Pokémon;15;400;0
659;Bunnelby;normal;;6;['Pickup', 'Cheek Pouch', 'Huge Power'];38;57;36;38;Digging Pokémon;4;50;0
660;Diggersby;normal;ground;6;['Pickup', 'Cheek Pouch', 'Huge Power'];85;78;56;77;Digging Pokémon;10;424;0
661;Fletchling;normal;flying;6;['Big Pecks', 'Gale Wings'];45;62;50;43;Tiny Robin Pokémon;3;17;0
662;Fletchinder;fire;flying;6;['Flame Body', 'Gale Wings'];62;84;73;55;Ember Pokémon;7;160;0
663;Talonflame;fire;flying;6;['Flame Body', 'Gale Wings'];78;126;81;71;Scorching Pokémon;12;245;0
664;Scatterbug;bug;;6;['Shield Dust', 'Compoundeyes', 'Friend Guard'];38;35;35;40;Scatterdust Pokémon;3;25;0
665;Spewpa;bug;;6;['Shed Skin', 'Friend Guard'];45;29;22;60;Scatterdust Pokémon;3;84;0
666;Vivillon;bug;flying;6;['Shield Dust', 'Compoundeyes', 'Friend Guard'];80;89;52;50;Scale Pokémon;12;170;0
667;Litleo;fire;normal;6;['Rivalry', 'Unnerve', 'Moxie'];62;72;50;58;Lion Cub Pokémon;6;135;0
668;Pyroar;fire;normal;6;['Rivalry', 'Unnerve', 'Moxie'];86;106;68;72;Royal Pokémon;15;815;0
669;Flabébé;fairy;;6;['Flower Veil', 'Symbiosis'];44;42;38;39;Single Bloom Pokémon;1;1;0
670;Floette;fairy;;6;['Flower Veil', 'Symbiosis'];74;92;65;67;Fairy Pokémon;2;9;0
671;Florges;fairy;;6;['Flower Veil', 'Symbiosis'];78;75;65;68;Garden Pokémon;11;100;0
672;Skiddo;grass;;6;['Sap Sipper', 'Grass Pelt'];66;52;65;48;Mount Pokémon;9;310;0
673;Gogoat;grass;;6;['Sap Sipper', 'Grass Pelt'];123;68;100;62;Mount Pokémon;17;910;0
674;Pancham;fighting;;6;['Iron Fist', 'Mold Breaker', 'Scrappy'];67;43;82;62;Playful Pokémon;6;80;0
675;Pangoro;fighting;dark;6;['Iron Fist', 'Mold Breaker', 'Scrappy'];95;58;124;78;Daunting Pokémon;21;1360;0
676;Furfrou;normal;;6;['Fur Coat'];75;102;80;60;Poodle Pokémon;12;280;0
677;Espurr;psychic;;6;['Keen Eye', 'Infiltrator', 'Own Tempo'];62;68;48;54;Restraint Pokémon;3;35;0
678;Meowstic;psychic;;6;['Keen Eye', 'Infiltrator', 'Prankster', 'Competitive'];74;104;48;76;Constraint Pokémon;6;85;0
679;Honedge;steel;ghost;6;['No Guard'];45;28;80;100;Sword Pokémon;8;20;0
680;Doublade;steel;ghost;6;['No Guard'];59;35;110;150;Sword Pokémon;8;45;0
681;Aegislash;steel;ghost;6;['Stance Change'];60;60;150;50;Royal Sword Pokémon;17;530;0
682;Spritzee;fairy;;6;['Healer', 'Aroma Veil'];78;23;52;60;Perfume Pokémon;2;5;0
683;Aromatisse;fairy;;6;['Healer', 'Aroma Veil'];101;29;72;72;Fragrance Pokémon;8;155;0
684;Swirlix;fairy;;6;['Sweet Veil', 'Unburden'];62;49;48;66;Cotton Candy Pokémon;4;35;0
685;Slurpuff;fairy;;6;['Sweet Veil', 'Unburden'];82;72;80;86;Meringue Pokémon;8;50;0
686;Inkay;dark;psychic;6;['Contrary', 'Suction Cups', 'Infiltrator'];53;45;54;53;Revolving Pokémon;4;35;0
687;Malamar;dark;psychic;6;['Contrary', 'Suction Cups', 'Infiltrator'];86;73;92;88;Overturning Pokémon;15;470;0
688;Binacle;rock;water;6;['Tough Claws', 'Sniper', 'Pickpocket'];42;50;52;67;Two-Handed Pokémon;5;310;0
689;Barbaracle;rock;water;6;['Tough Claws', 'Sniper', 'Pickpocket'];72;68;105;115;Collective Pokémon;13;960;0
690;Skrelp;poison;water;6;['Poison Point', 'Poison Touch', 'Adaptability'];50;30;60;60;Mock Kelp Pokémon;5;73;0
691;Dragalge;poison;dragon;6;['Poison Point', 'Poison Touch', 'Adaptability'];65;44;75;90;Mock Kelp Pokémon;18;815;0
692;Clauncher;water;;6;['Mega Launcher'];50;44;53;62;Water Gun Pokémon;5;83;0
693;Clawitzer;water;;6;['Mega Launcher'];71;59;73;88;Howitzer Pokémon;13;353;0
694;Helioptile;electric;normal;6;['Dry Skin', 'Sand Veil', 'Solar Power'];44;70;38;33;Generator Pokémon;5;60;0
695;Heliolisk;electric;normal;6;['Dry Skin', 'Sand Veil', 'Solar Power'];62;109;55;52;Generator Pokémon;10;210;0
696;Tyrunt;rock;dragon;6;['Strong Jaw', 'Sturdy'];58;48;89;77;Royal Heir Pokémon;8;260;0
697;Tyrantrum;rock;dragon;6;['Strong Jaw', 'Rock Head'];82;71;121;119;Despot Pokémon;25;2700;0
698;Amaura;rock;ice;6;['Refrigerate', 'Snow Warning'];77;46;59;50;Tundra Pokémon;13;252;0
699;Aurorus;rock;ice;6;['Refrigerate', 'Snow Warning'];123;58;77;72;Tundra Pokémon;27;2250;0
700;Sylveon;fairy;;6;['Cute Charm', 'Pixilate'];95;60;65;65;Intertwining Pokémon;10;235;0
701;Hawlucha;fighting;flying;6;['Limber', 'Unburden', 'Mold Breaker'];78;118;92;75;Wrestling Pokémon;8;215;0
702;Dedenne;electric;fairy;6;['Cheek Pouch', 'Pickup', 'Plus'];67;101;58;57;Antenna Pokémon;2;22;0
703;Carbink;rock;fairy;6;['Clear Body', 'Sturdy'];50;50;50;150;Jewel Pokémon;3;57;0
704;Goomy;dragon;;6;['Sap Sipper', 'Hydration', 'Gooey'];45;40;50;35;Soft Tissue Pokémon;3;28;0
705;Sliggoo;dragon;;6;['Sap Sipper', 'Hydration', 'Gooey'];68;60;75;53;Soft Tissue Pokémon;8;175;0
706;Goodra;dragon;;6;['Sap Sipper', 'Hydration', 'Gooey'];90;80;100;70;Dragon Pokémon;20;1505;0
707;Klefki;steel;fairy;6;['Prankster', 'Magician'];57;75;80;91;Key Ring Pokémon;2;30;0
708;Phantump;ghost;grass;6;['Natural Cure', 'Frisk', 'Harvest'];43;38;70;48;Stump Pokémon;4;70;0
709;Trevenant;ghost;grass;6;['Natural Cure', 'Frisk', 'Harvest'];85;56;110;76;Elder Tree Pokémon;15;710;0
710;Pumpkaboo;ghost;grass;6;['Pickup', 'Frisk', 'Insomnia'];59;41;66;70;Pumpkin Pokémon;8;150;0
711;Gourgeist;ghost;grass;6;['Pickup', 'Frisk', 'Insomnia'];85;54;100;122;Pumpkin Pokémon;17;390;0
712;Bergmite;ice;;6;['Own Tempo', 'Ice Body', 'Sturdy'];55;28;69;85;Ice Chunk Pokémon;10;995;0
713;Avalugg;ice;;6;['Own Tempo', 'Ice Body', 'Sturdy'];95;28;117;184;Iceberg Pokémon;20;5050;0
714;Noibat;flying;dragon;6;['Frisk', 'Infiltrator', 'Telepathy'];40;55;30;35;Sound Wave Pokémon;5;80;0
715;Noivern;flying;dragon;6;['Frisk', 'Infiltrator', 'Telepathy'];85;123;70;80;Sound Wave Pokémon;15;850;0
716;Xerneas;fairy;;6;['Fairy Aura'];126;99;131;95;Life Pokémon;30;2150;1
717;Yveltal;dark;flying;6;['Dark Aura'];126;99;131;95;Destruction Pokémon;58;2030;1
718;Zygarde;dragon;ground;6;['Aura Break', 'Power Construct'];216;85;100;121;Order Pokémon;50;2846;1
719;Diancie;rock;fairy;6;['Clear Body'];50;110;160;110;Jewel Pokémon;7;88;1
720;Hoopa;psychic;ghost;6;['Magician'];80;80;160;60;Mischief Pokémon (Confined)Djinn Pokémonn (Unbound);;;1
721;Volcanion;fire;water;6;['Water Absorb'];80;70;110;120;Steam Pokémon;17;1950;1
722;Rowlet;grass;flying;7;['Overgrow', 'Long Reach'];68;42;55;55;Grass Quill Pokémon;3;15;0
723;Dartrix;grass;flying;7;['Overgrow', 'Long Reach'];78;52;75;75;Blade Quill Pokémon;7;160;0
724;Decidueye;grass;ghost;7;['Overgrow', 'Long Reach'];78;70;107;75;Arrow Quill Pokémon;16;366;0
725;Litten;fire;;7;['Blaze', 'Intimidate'];45;70;65;40;Fire Cat Pokémon;4;43;0
726;Torracat;fire;;7;['Blaze', 'Intimidate'];65;90;85;50;Fire Cat Pokémon;7;250;0
727;Incineroar;fire;dark;7;['Blaze', 'Intimidate'];95;60;115;90;Heel Pokémon;18;830;0
728;Popplio;water;;7;['Torrent', 'Liquid Voice'];50;40;54;54;Sea Lion Pokémon;4;75;0
729;Brionne;water;;7;['Torrent', 'Liquid Voice'];60;50;69;69;Pop Star Pokémon;6;175;0
730;Primarina;water;fairy;7;['Torrent', 'Liquid Voice'];80;60;74;74;Soloist Pokémon;18;440;0
731;Pikipek;normal;flying;7;['Keen Eye', 'Skill Link', 'Pickup'];35;65;75;30;Woodpecker Pokémon;3;12;0
732;Trumbeak;normal;flying;7;['Keen Eye', 'Skill Link', 'Pickup'];55;75;85;50;Bugle Beak Pokémon;6;148;0
733;Toucannon;normal;flying;7;['Keen Eye', 'Skill Link', 'Sheer Force'];80;60;120;75;Cannon Pokémon;11;260;0
734;Yungoos;normal;;7;['Stakeout', 'Strong Jaw', 'Adaptability'];48;45;70;30;Loitering Pokémon;4;60;0
735;Gumshoos;normal;;7;['Stakeout', 'Strong Jaw', 'Adaptability'];88;45;110;60;Stakeout Pokémon;7;142;0
736;Grubbin;bug;;7;['Swarm'];47;46;62;45;Larva Pokémon;4;44;0
737;Charjabug;bug;electric;7;['Battery'];57;36;82;95;Battery Pokémon;5;105;0
738;Vikavolt;bug;electric;7;['Levitate'];77;43;70;90;Stag Beetle Pokémon;15;450;0
739;Crabrawler;fighting;;7;['Hyper Cutter', 'Iron Fist', 'Anger Point'];47;63;82;57;Boxing Pokémon;6;70;0
740;Crabominable;fighting;ice;7;['Hyper Cutter', 'Iron Fist', 'Anger Point'];97;43;132;77;Woolly Crab Pokémon;17;1800;0
741;Oricorio;fire;flying;7;['Dancer'];75;93;70;70;Dancing Pokémon;6;34;0
742;Cutiefly;bug;fairy;7;['Honey Gather', 'Shield Dust', 'Sweet Veil'];40;84;45;40;Bee Fly Pokémon;1;2;0
743;Ribombee;bug;fairy;7;['Honey Gather', 'Shield Dust', 'Sweet Veil'];60;124;55;60;Bee Fly Pokémon;2;5;0
744;Rockruff;rock;;7;['Keen Eye', 'Vital Spirit', 'Steadfast'];45;60;65;40;Puppy Pokémon;5;92;0
745;Lycanroc;rock;;7;['Keen Eye', 'Sand Rush', 'Steadfast', 'Keen Eye', 'Vital Spirit', 'No Guard'];85;82;115;75;Wolf Pokémon;;;0
746;Wishiwashi;water;;7;['Schooling'];45;30;140;130;Small Fry Pokémon;2;3;0
747;Mareanie;poison;water;7;['Merciless', 'Limber', 'Regenerator'];50;45;53;62;Brutal Star Pokémon;4;80;0
748;Toxapex;poison;water;7;['Merciless', 'Limber', 'Regenerator'];50;35;63;152;Brutal Star Pokémon;7;145;0
749;Mudbray;ground;;7;['Own Tempo', 'Stamina', 'Inner Focus'];70;45;100;70;Donkey Pokémon;10;1100;0
750;Mudsdale;ground;;7;['Own Tempo', 'Stamina', 'Inner Focus'];100;35;125;100;Draft Horse Pokémon;25;9200;0
751;Dewpider;water;bug;7;['Water Bubble', 'Water Absorb'];38;27;40;52;Water Bubble Pokémon;3;40;0
752;Araquanid;water;bug;7;['Water Bubble', 'Water Absorb'];68;42;70;92;Water Bubble Pokémon;18;820;0
753;Fomantis;grass;;7;['Leaf Guard', 'Contrary'];40;35;55;35;Sickle Grass Pokémon;3;15;0
754;Lurantis;grass;;7;['Leaf Guard', 'Contrary'];70;45;105;90;Bloom Sickle Pokémon;9;185;0
755;Morelull;grass;fairy;7;['Illuminate', 'Effect Spore', 'Rain Dish'];40;15;35;55;Illuminating Pokémon;2;15;0
756;Shiinotic;grass;fairy;7;['Illuminate', 'Effect Spore', 'Rain Dish'];60;30;45;80;Illuminating Pokémon;10;115;0
757;Salandit;poison;fire;7;['Corrosion', 'Oblivious'];48;77;44;40;Toxic Lizard Pokémon;6;48;0
758;Salazzle;poison;fire;7;['Corrosion', 'Oblivious'];68;117;64;60;Toxic Lizard Pokémon;12;222;0
759;Stufful;normal;fighting;7;['Fluffy', 'Klutz', 'Cute Charm'];70;50;75;50;Flailing Pokémon;5;68;0
760;Bewear;normal;fighting;7;['Fluffy', 'Klutz', 'Unnerve'];120;60;125;80;Strong Arm Pokémon;21;1350;0
761;Bounsweet;grass;;7;['Leaf Guard', 'Oblivious', 'Sweet Veil'];42;32;30;38;Fruit Pokémon;3;32;0
762;Steenee;grass;;7;['Leaf Guard', 'Oblivious', 'Sweet Veil'];52;62;40;48;Fruit Pokémon;7;82;0
763;Tsareena;grass;;7;['Leaf Guard', 'Queenly Majesty', 'Sweet Veil'];72;72;120;98;Fruit Pokémon;12;214;0
764;Comfey;fairy;;7;['Flower Veil', 'Triage', 'Natural Cure'];51;100;52;90;Posy Picker Pokémon;1;3;0
765;Oranguru;normal;psychic;7;['Inner Focus', 'Telepathy', 'Symbiosis'];90;60;60;80;Sage Pokémon;15;760;0
766;Passimian;fighting;;7;['Receiver', 'Defiant'];100;80;120;90;Teamwork Pokémon;20;828;0
767;Wimpod;bug;water;7;['Wimp Out'];25;80;35;40;Turn Tail Pokémon;5;120;0
768;Golisopod;bug;water;7;['Emergency Exit'];75;40;125;140;Hard Scale Pokémon;20;1080;0
769;Sandygast;ghost;ground;7;['Water Compaction', 'Sand Veil'];55;15;55;80;Sand Heap Pokémon;5;700;0
770;Palossand;ghost;ground;7;['Water Compaction', 'Sand Veil'];85;35;75;110;Sand Castle Pokémon;13;2500;0
771;Pyukumuku;water;;7;['Innards Out', 'Unaware'];55;5;60;130;Sea Cucumber Pokémon;3;12;0
772;Type: Null;normal;;7;['Battle Armor'];95;59;95;95;Synthetic Pokémon;19;1205;0
773;Silvally;normal;;7;['RKS System'];95;95;95;95;Synthetic Pokémon;23;1005;0
774;Minior;rock;flying;7;['Shields Down'];60;120;100;60;Meteor Pokémon;3;400;0
775;Komala;normal;;7;['Comatose'];65;65;115;65;Drowsing Pokémon;4;199;0
776;Turtonator;fire;dragon;7;['Shell Armor'];60;36;78;135;Blast Turtle Pokémon;20;2120;0
777;Togedemaru;electric;steel;7;['Iron Barbs', 'Lightningrod', 'Sturdy'];65;96;98;63;Roly-Poly Pokémon;3;33;0
778;Mimikyu;ghost;fairy;7;['Disguise'];55;96;90;80;Disguise Pokémon;2;7;0
779;Bruxish;water;psychic;7;['Dazzling', 'Strong Jaw', 'Wonder Skin '];68;92;105;70;Gnash Teeth Pokémon;9;190;0
780;Drampa;normal;dragon;7;['Berserk', 'Sap Sipper', 'Cloud Nine'];78;36;60;85;Placid Pokémon;30;1850;0
781;Dhelmise;ghost;grass;7;['Steelworker'];70;40;131;100;Sea Creeper Pokémon;39;2100;0
782;Jangmo-o;dragon;;7;['Bulletproof', 'Soundproof', 'Overcoat'];45;45;55;65;Scaly Pokémon;6;297;0
783;Hakamo-o;dragon;fighting;7;['Bulletproof', 'Soundproof', 'Overcoat'];55;65;75;90;Scaly Pokémon;12;470;0
784;Kommo-o;dragon;fighting;7;['Bulletproof', 'Soundproof', 'Overcoat'];75;85;110;125;Scaly Pokémon;16;782;0
785;Tapu Koko;electric;fairy;7;['Electric Surge', 'Telepathy'];70;130;115;85;Land Spirit Pokémon;18;205;1
786;Tapu Lele;psychic;fairy;7;['Psychic Surge', 'Telepathy'];70;95;85;75;Land Spirit Pokémon;12;186;1
787;Tapu Bulu;grass;fairy;7;['Grassy Surge', 'Telepathy'];70;75;130;115;Land Spirit Pokémon;19;455;1
788;Tapu Fini;water;fairy;7;['Misty Surge', 'Telepathy'];70;85;75;115;Land Spirit Pokémon;13;212;1
789;Cosmog;psychic;;7;['Unaware'];43;37;29;31;Nebula Pokémon;2;1;1
790;Cosmoem;psychic;;7;['Sturdy'];43;37;29;131;Protostar Pokémon;1;9999;1
791;Solgaleo;psychic;steel;7;['Full Metal Body'];137;97;137;107;Sunne Pokémon;34;2300;1
792;Lunala;psychic;ghost;7;['Shadow Shield'];137;97;113;89;Moone Pokémon;40;1200;1
793;Nihilego;rock;poison;7;['Beast Boost'];109;103;53;47;Parasite Pokémon;12;555;1
794;Buzzwole;bug;fighting;7;['Beast Boost'];107;79;139;139;Swollen Pokémon;24;3336;1
795;Pheromosa;bug;fighting;7;['Beast Boost'];71;151;137;37;Lissome Pokémon;18;250;1
796;Xurkitree;electric;;7;['Beast Boost'];83;83;89;71;Glowing Pokémon;38;1000;1
797;Celesteela;steel;flying;7;['Beast Boost'];97;61;101;103;Launch Pokémon;92;9999;1
798;Kartana;grass;steel;7;['Beast Boost'];59;109;181;131;Drawn Sword Pokémon;3;1;1
799;Guzzlord;dark;dragon;7;['Beast Boost'];223;43;101;53;Junkivore Pokémon;55;8880;1
800;Necrozma;psychic;;7;['Prism Armor'];97;79;107;101;Prism Pokémon;24;2300;1
801;Magearna;steel;fairy;7;['Soul-Heart'];80;65;95;115;Artificial Pokémon;10;805;1
